0.3729103057157464,0.056554314273458126
0.7924722782976686,-0.9338534187623038
0.4342189405705465,-1.2926552472147284
-0.4957289723593717,0.9620612303212037
0.9604999316660086,0.4416369756267027
-0.9132556871325426,-0.4801140007980248
0.6574976808106923,-0.25983955245042845
0.07122520143199272,-1.0247325527341873
0.02361625839173579,-1.0396767010212022
-1.2050690564124695,0.5396492202353567
-0.7193279935578446,1.2151055099220636
0.7165220704907267,-0.7358597276478489
-1.0023660306814033,0.553248812042478
0.8247451410318516,0.24657803141682338
0.9868400319309973,-0.16556958891694618
-0.4810551810028148,0.3502411253066272
-0.2807517519855041,-0.5899580204674683
0.3937798751220947,0.592346233454606
0.885459441429489,0.3763634897797129
0.22754372627958158,0.8410216885315782
-0.31159639384866195,-0.5823497046407968
0.48870467453054245,-1.1255485969852885
0.8881230445535594,0.47339660880471857
0.29973193717937996,0.752904443185981
0.40496526362427426,-1.1877170177804337
0.19097339577799105,-0.3445477298121986
-0.7247829327352366,0.9492864684729678
-0.5996253012110189,0.5966026255592423
0.9715039127255101,-0.1191176019771279
-0.8326495152997723,-0.13021452150634683
-0.03757318018641147,1.037013588955227
0.25917821626285437,0.4220767686708766
0.046986552519773885,0.0224050076388228
-0.0014774750118948991,-0.7901101043588039
0.9529999648463017,-0.30417305433746866
-0.022650611044124025,-0.22150778436534502
0.7600401415558057,-0.04484827084834251
1.2288694448435613,-0.614208834668024
0.17283912184659836,-0.5654234630301024
0.8862039520574734,0.08740300477204277
1.2372658585437732,0.4421032378345579
0.6716632178724544,-0.7700734352375541
-1.2068911957407877,0.0633603117976197
0.9851886724653872,-0.5414594202840833
-0.743048510205938,0.2683858702569335
0.7629736954452995,0.5634419394767551
-0.5821121000770645,-1.2766991764581892
0.8967082030708058,-0.31532477060356884
-1.2666660312684457,-0.29130788590444723
0.925656718729745,-0.0029235355396794887
-0.21157806937254253,0.4034900369530236
-0.9281295375587686,-0.025138864030106074
0.593346749721925,0.0019709317942027166
0.21374720802489386,-0.6722839217209841
-0.4925978243590028,0.11966719283849785
-0.2744779259978545,0.3683355536423942
-0.8395307481350548,-0.6004164443920156
-0.4231218374227867,0.7623165629209998
0.12898605772201294,0.3060480709020764
-0.22982609386809502,-0.38069210498475314
0.1552160597028539,-0.9549436501667761
-0.5692769715441651,0.06964653720198001
-0.2486772697991783,-0.45636451478871337
0.3624507435938978,0.9671909135617974
-0.9415898398242968,0.6130506166887151
0.26166512118952007,0.6163572931354221
0.5769273489513345,0.39610411674978924
0.060129266011530694,-1.3344961825325394
0.25325378317792957,0.512859529880001
-0.14364654899705998,0.40578269651857674
-1.1072769747047209,0.3165053296439905
-0.5852452512077949,-0.6106324575092101
1.0041632398862461,0.3428817794981383
-0.5660593665680528,-0.47474155947062685
0.5186782515516029,-0.5880995414462407
-0.37839422803935735,0.9531152415526849
0.11349694891854345,-0.37575921379558874
0.6181068788820645,0.6382339161210927
0.04602880930946932,-0.7206373577531122
0.09532831604116496,0.6168540623372463
0.6476655996329449,0.08145447050150832
-1.15794156675213,-0.4269760486096988
-0.2681915745891027,-0.4424227030254857
0.4228974044556554,-1.0607557677349415
0.4334007102066418,1.2246605075168058
-1.0330960107160685,0.06211430601673318
-0.6443843742129841,-1.0367845665706297
1.1678352649894173,0.22207090147592778
-1.0795718180694296,0.508939157473737
-0.3719692786787413,0.7268257502220558
-0.4297049277278738,0.3658497258852571
0.7121389916756249,0.1674206037549341
0.39670572880985855,0.18369594806740513
-0.3212279821915362,0.46936256828900413
-0.6477709480456221,-0.2832323386587834
1.014278776180788,-0.5484771393514666
-0.7054991330350645,-0.7982367188509185
0.9488689775365517,-0.12030508216911255
-1.0866440526352796,-0.366898360261668
-0.519144908974499,-1.2693310905656068
0.4680134396376425,0.08835987343186832
0.19439311669367862,1.193551825480217
-0.42722130461484203,-0.12781792541431033
0.48518478503312457,0.039482635803557924
0.622801586991388,0.27420409945015356
-0.15287450653888848,0.6853468342585185
-0.34523061636644603,-0.781458905465174
0.6928464629966469,-0.18734826644330888
0.15891768798213118,0.12967011251003466
-0.22215247496824167,-0.7027692692214135
-0.8924324834188896,0.9152424513126939
-0.1800493813097126,-0.6853646494461131
-0.24759804117937814,0.06345054713914228
-0.8656937769907601,0.04691748129429885
0.03805700162231843,0.3230563104311112
-0.4232586692740008,0.2278210282602742
0.006716637445470992,0.7248054190069152
0.32304372404202597,1.2398866958441106
1.0243538078036432,-0.059753937924495126
0.2562606084504097,-0.7481821334456358
-0.534491519611941,-0.32867106238947696
0.8627599095284494,0.1948041320620706
-0.17951250439557714,-0.7147976611131517
1.115681849179969,-0.3770083427238984
0.37299510326941415,0.6214822006041436
0.593447498389459,0.43918049937940296
0.06015608198171048,-0.6651092390902561
-0.21570664289590305,0.40563259733664897
0.34196200081571243,0.7430402102836924
-0.9640624074074107,-0.4554942123640144
-0.905688361425041,0.8827951155178073
-0.7177391901453294,-0.2524276250887492
-0.3432807584474282,0.09610077997261134
-0.7264507837219202,-0.46931051306757166
0.46598974992413567,-0.8655550130796746
-0.5244373439506566,0.8241231481979505
-0.8517460095322045,-0.735493280508397
0.9655294960947841,-0.3495712802928896
0.2060843592674988,-0.39068349934202146
-1.1565028076065427,0.09221470644602008
-0.32503757889234847,-0.27606534307086156
0.553498028725479,0.35412707234205254
-0.8203661595760835,0.4257017671542369
0.9179321688961607,0.36398440102005386
0.0021419788446345486,-0.33358019433950065
1.0121793868835307,0.6163840621861649
-0.7930727975409851,0.9615316665373367
0.7448997917550324,-0.4686052266988903
-0.7649248176932784,1.0657270616177366
-0.20944236278463113,-1.2074245066163878
-0.8682836812712118,0.06425692727045201
-0.7243968285719034,0.9364454214954088
-0.0963109877018139,0.40848964608977884
-0.30544605613576054,0.8329935658319173
-0.6015821743220087,-1.0956973311771023
1.1666571543591777,0.21755114223907163
-0.19705276303842822,-0.056255926062941275
-0.8574158664335606,1.0296793782456601
-0.47251397918916904,-0.9223596422644765
0.34739997684610135,0.8724739006145095
-0.010536098919691825,0.3538370570500409
-0.5294321350861197,1.0837700640170442
0.03843616675653232,-0.8943317416547308
0.9177398594961805,-0.4518745705797089
-0.9830255630464313,0.24416306086205655
0.0520028163211345,-0.5366689266310218
1.1068490968896172,-0.30655774453170354
0.2034141356119658,-0.5722865745130117
0.9408633536511546,0.36265564875162204
-0.29551406498233923,0.22395039975852074
-0.08528343239914059,-0.34933551353535025
0.49505004592407253,-0.9196653117456112
-0.00761039381426239,-0.30808457913977905
1.343964360504916,0.1538974614015775
0.25654975781546996,1.2887298081821634
0.35823901991386287,1.087111404729765
-0.2459031479878829,0.7900549806766523
-0.19984627248783743,-0.9600014362297833
-0.007689016916689851,1.3516895941333293
0.7958300487425795,-0.36008490510271607
-0.06711260606457788,-1.252332720127858
0.4931769513825584,-0.7171786588006992
0.8322697810807637,0.9300084956798733
-0.8034223947696415,-0.5275222377807741
-0.07155780037541061,0.21832186332359574
0.38696859032592523,0.45868384154941094
-0.9337196536379699,-0.724128711589968
0.5639084359620122,0.8081113119971619
0.4966516216216554,0.8777149670059126
-1.0892117429000394,0.20007635781588654
-0.20422320291777582,0.3265054609385254
0.3366374934598057,0.8828463770704688
0.024532881164167485,1.088839167249333
1.0281011082815101,-0.5676539114796743
-0.5130272859170465,-0.6744126999105444
-0.25861044329041705,-0.6116172629625574
0.280597986711124,0.3997680707096936
0.3177517497231534,-0.5884826388863089
-0.6653246221056878,-0.2714896349388625
0.38325729059324365,0.3559583724456132
-0.2124868620358927,-0.019521716649058905
0.3017988390409154,-1.0561767773796764
0.8696056204291549,0.723344316200333
0.9132868795616318,-0.34047028347558833
-1.0309895174588002,0.7509560023438376
0.615469040233591,-0.4094036760562229
0.6672823944575211,-0.3998003468271154
0.08440964944585579,-0.46741973550145643
-0.8748741243793625,-0.19194602812056194
-0.8126171373587474,0.3020804722475054
-0.6701460843654844,0.6926815432253273
0.49960207497980175,-0.8428602884079721
0.6218355635573941,0.5210932547874811
-0.20290518712513209,-1.2872617915887636
0.5333693803355569,0.6757194664077472
0.25143956621394026,0.06694191792909862
-0.31562656229343117,1.1920758235621771
0.5401713089419375,1.0953266015097203
-0.8735171221683841,0.3351413208603777
0.29217013143640164,0.06675728330872903
-0.615051151964693,-0.40197436995086105
0.5626466100311273,0.36024814168446123
0.9272149244228938,-0.9953102223396223
0.434641224853971,-0.48300507903533496
0.06845202599554934,0.8538292198159003
0.07901917615121887,0.6317971748632459
0.04208058388353398,1.0313258348273011
0.30159097048679206,1.0024598295467289
-0.43286444596539686,-0.9793988124907593
0.3036328156679954,0.07025948666448333
-0.5605083225100952,-0.561528448877135
-0.5173429136605535,-0.6612474424165996
0.8136675302423604,-0.7361109961449016
-0.5013578110993643,-0.7341247393708411
-0.3058495320425823,-1.2325018679430242
1.0820952864151554,0.7693169784930565
-1.0810547714144625,-0.09958502130686024
-0.16945971005993032,-0.5520697800983494
-1.0188399239064045,0.4312544414845884
-0.364262250299746,-0.8269455445229025
0.041021126433137906,0.42518828542010956
-0.8039474288322177,-0.7282282669015521
-0.09954878958786684,0.28569942981675156
-0.15126821693299045,0.014580784340949171
0.4850761220856106,1.0949713563263022
-0.17304907339069844,0.6424483497914218
-0.7396673324404685,0.6400203060246659
1.0477998373902946,0.05018703708285645
0.2916176747004339,0.8218147128998581
-0.15135048795634312,-0.12048742082489347
0.30698151735924567,-0.1861864508435317
-0.3303685394207902,-0.7494920701627553
-0.1490739968046766,0.8225788836188181
0.4994960947735575,-0.7586269325765594
0.7149126346690704,0.6482334662322461
0.3922590509246391,0.42147622353766595
-0.19379855911350602,-0.6275444933900773
0.931159154050372,-0.6014751796101198
-0.06165330387812621,1.1681052461528951
0.30558872944371035,-0.28744042279896953
-0.36966539672781473,-0.9602324717715212
0.7374492403160544,-0.29899340652020195
0.6346343701844597,-0.9672598009560976
0.7881628126180212,-0.0976336636906922
-0.402722600507851,0.4657194956074169
0.8853188069462922,-0.36502429651825574
0.08943320487147341,-0.7302587858452869
0.006610847645870028,-1.0995506641806687
-0.13705303041236291,0.16722197516717965
0.4465320878980802,0.4963027309414223
-1.1793979605112093,-0.11541446308348301
-0.9191953003685431,0.2016837432687588
0.8713352937751099,0.7326850293072138
0.2746109563824243,0.4270598332308177
-1.2349169732539016,0.49438093415370143
-0.04463615954752957,-0.33319887508320295
1.0865933545686612,0.15942739079719057
0.9946786374743046,0.19883898959034368
0.6963018571568624,0.9267806085111383
-0.3396964583253034,1.2018077528405795
0.39718418107850517,-1.1575815261083362
-0.2564071902078843,0.5046777785040069
0.6888653354906004,-0.72383744225162
0.5794497794136945,1.0591995465960635
1.1730711822774333,-0.12969425996842793
-0.28422547333408393,1.1149970369335762
-0.4599795729749749,-0.5034326636853348
-0.6197641652309095,-0.3288006955029477
0.7109304642994511,-0.699609490432019
-0.1645258994412329,-0.7354263229608017
0.22177424480410945,0.003218094529004047
0.7201610113069888,-0.5736203920580011
-0.6081794038309245,0.9096330952833404
-0.8213164095850727,0.44573822163953014
-0.4196850285454891,1.0821349439345902
-0.7495755003911277,0.4658683948987078
0.04332449857948058,-0.8795060709590515
0.8136880352792702,-0.790259849257524
0.80611849252247,0.22709442450013198
-0.6895654355029551,0.755774312396508
-0.595298251581338,0.5451414114776688
-0.33006490346764117,-0.781818508250842
-1.2923446114660853,-0.2895984528227001
-0.8861846795095587,0.2502055851558508
0.6879240841732782,0.24679433001193984
0.44696333731993165,-0.3988963925524115
-0.6451574115703786,-0.2259008806778502
-0.6407836180046831,0.3653676632016318
0.6033926917245216,0.46514078344940496
0.4195556896374963,0.5146466246346717
-0.2708289332425292,-1.231521943217227
-0.5980020382512572,-0.6900726502571358
-0.8701199670799795,-0.9167064666110663
-0.6971605965951174,-0.19668623186551853
-1.1364510039480866,0.08406197368894629
-0.03647195490205117,-1.3332780388078391
0.42776086472413616,-0.24385480720721495
0.36475455498896164,0.39210990962348613
0.2724035271011098,0.5019516364141977
0.1154919575925342,-0.5154034712693869
0.2868831730240017,-0.9692792393984547
-0.11094473657411517,-1.3079982724841868
0.4058508656567417,0.10499385954546374
0.06980346863382643,0.0074408854889435085
0.6558201012650317,0.6009025373042128
-0.25538032375485636,0.22888727272325718
-0.28691491071885983,0.036755007264922514
-0.5445805902964319,0.04276262675595076
-0.019895614954391454,0.7493721092623469
0.24876684356678738,-0.1323409479703809
0.25374828674310324,0.5426833027202034
-0.688155261630422,0.5455896799333012
-0.34837599023360455,0.3812282726381878
0.941452825912884,-0.39803772272869214
-0.9102519432786099,0.7268629772885172
-0.027968178659569617,-0.3095200475322069
-0.40899970315596346,1.1026074156290082
-0.953091331818876,0.2346025865237074
-0.05626141905757573,0.7721951847383705
0.009982133992569121,0.678040997258206
0.3035414072695204,-0.9025854607053815
0.2245983236235431,0.032765700755885835
0.907710010395923,0.37780188470113885
0.1341800040228856,0.07429154238474159
0.6188808215028483,-0.47221440643308543
-0.04542677037622074,-0.027915478947929652
0.47149283201956577,-0.19188063961138382
-0.8403606008301021,-0.16678309043417328
-0.21763213482728092,-0.8840472965068863
-0.10008911971622449,1.1291188378613222
0.5652017880490044,-0.7249407209208519
-0.9709809694827225,0.8443124758767266
1.0854487889697833,0.37427310012729353
1.1661100112316816,-0.1816857683944719
0.1731597648841715,-0.1281291470757647
-0.9248032679906388,0.19103744729954125
-0.8645052044383498,0.36494898846759893
0.12449446641355973,-0.1062174404350761
-1.2313642831319023,0.17049612476529216
-0.03566703313277136,-0.836039682846761
0.0864072353788914,0.7908272438403108
-0.8223495361536393,-1.1347475661467257
-0.8736086729996512,0.04332445195372538
0.23529199585420446,-0.9537998233126134
-0.5586573479360044,-0.14894508565215808
-0.5742761847864812,-0.1783512550125278
0.40075894624675196,-1.1111879110869571
0.36414395924933624,0.15235023930977665
-0.739260524901823,0.7758193889829972
-0.21787574029928522,1.2519152546794394
-1.208278540119378,0.18398768474201435
-0.7448542120178417,-0.04485929806401347
0.012671181203099385,0.4864567037974756
-0.647004476140635,0.9467619395226238
0.5265807380723653,0.41184772486312315
-0.20708296395012826,0.5325127511489287
0.9974615103991635,0.46008435635531036
-0.9022930271420926,0.15019499907891368
0.5148404126187289,0.7461852593220761
-0.4805810121883764,0.7791047815286978
1.1957791736700212,0.2608724073441665
0.5959941952919836,-0.3539422166860051
-1.108497962384833,-0.2861282100674996
-1.2370295455288969,0.5236908247360972
-0.6742418966696765,-0.6929728016430485
-0.5080434493166925,-1.13110428979145
-0.9663447756773006,0.3111307575940423
0.895695640022345,0.6510898991384414
-0.29239507452814173,-1.008775140367045
-0.4267932713892754,-0.6305614755665001
0.20268111861388194,-0.07941800265251665
0.12626195163266343,0.3971241660081705
0.8755000569828085,-0.8721065240288538
0.1707622054782102,-1.2072123064557458
-0.48544105314439673,-0.584232577942307
1.1524665507523255,-0.7219695548721352
0.4841491648151239,-0.5056496326429267
-0.5587270860961676,1.0709085573921446
0.07860610549610833,-0.7700456610272537
-0.23879088708194354,0.2532164053515974
0.6018372910024018,-0.23105926874766347
-0.938043940293698,-0.4281098928909566
-0.33846091761274594,0.8878234933177421
0.3021179758899543,0.06156052580429369
-0.8002576496905796,-0.3472591141653833
0.5012135079704026,0.5785673384512987
0.24688025776386802,-0.4635801235782502
1.196178609039769,-0.5591733545509834
0.011252716026806461,0.35681945441761626
0.32482127938190497,-0.17416346114968226
-0.9980368301343557,-0.15639225329263726
0.2783008972061799,1.2410513601591873
-0.8446897720960016,0.3312104321660362
0.9732950778170746,0.2860941406836605
0.2423178415281774,-0.2198747728055697
-0.3136947137664752,1.0720245771628791
0.15502128274802274,-0.5892783747266308
0.759332441987876,0.892696817793877
-0.002064550822867401,1.193411364861246
0.7218154164497093,0.90807533681946
-0.4048584953171032,-0.8060893072474086
0.11909348341222781,0.5806199591356844
0.23931913972314345,-0.18887159972856316
-0.14240661066463284,-0.7628701250492468
0.9179730040905523,-0.003417233567677396
-0.8542621164810661,-0.5407165093579527
0.8157191784348689,0.7822171536742956
-0.47876099603264377,1.0088457080193853
0.8935009844702464,0.5336552689331249
0.4794250652514813,-0.875897791858976
0.5514192326222682,1.12489360857665
0.4369190360641288,0.5962456063243389
-0.19121800080660795,0.9511643409720286
0.47258368378490695,0.09237637345633255
0.07413040607696592,0.7022883939550001
0.4560464506787642,1.0677980648853198
0.18562830098222033,-0.6112391680094673
0.64475951559302,0.7050658367916278
0.15955081515312217,0.0710227502100999
0.44363244558289755,0.024986831485894975
0.9052806777185605,0.3623613433186163
-0.9409170272217027,0.9785267933622368
-0.7196145492988456,-0.8496839809540018
0.9000938884865721,-0.4314152587900303
-0.3292503925607461,0.907120263449938
-0.7414922889202679,-0.8595675363433641
1.2228583214692392,0.11695793358656019
0.5701187852952772,1.2413592248880392
-0.2378966771552001,0.97516014820128
-0.6576569133079063,-1.1171395695762778
-0.6700997172162346,0.12550810054288003
0.4966401596129088,-0.9620980711813297
1.0426155376366655,-0.6277501411526848
0.4409410902938389,-0.8444928597506173
-0.5870022261067296,0.5166927988134801
-0.8645930701482512,0.04731572821191759
1.0859138648602837,-0.22946902767157037
0.1488027764785975,0.3327223783512538
-0.14078725637280218,0.9938861297993495
0.34499941032673137,0.08983860334749197
-0.8982165823123315,0.4047158525111406
1.0982721426795623,-0.786321621362988
-0.3655568447457091,-0.6071735252515682
-0.004966110101253213,-0.5614442557644235
-0.49275638703776614,-0.43953521747857727
-0.8946720993735283,-0.3658815267980957
-0.05958713273931509,-1.3280237760220788
1.1445223783077707,-0.5975533818644592
-0.6379580680990923,0.3164410220077366
-0.5732811523747046,0.9466994736410198
-0.8404382625028568,-0.7396601824363023
-0.18044042953872946,0.24097736600971575
-0.7610829220405554,0.6679332574327534
1.165060583239346,0.3781325689923283
0.8293709969160428,0.6472752723687389
0.5774449964318025,0.938825949589447
0.6426314707036225,0.09496364146372932
0.6788629772382991,-0.2032054739571128
0.2946018678804427,-0.7137340266614947
0.3409057437488707,-0.33284127269071373
-0.20661521132899277,0.8524869696517133
0.4345410732323625,0.7825457437629229
-0.09687690736267159,-0.8288326220035158
0.12210311705346484,-0.6960558795439631
0.23564007855457553,0.4238983563092722
-0.9732893916423626,-0.541765916621272
-0.6588876729147911,-0.31276062413008493
-1.3076550769368975,0.2461326949542866
0.38236691628302527,0.8453465102817186
-0.8072564126613698,-0.3881277465365123
-0.09060153155134527,-0.8392114942157651
0.09786952865383423,1.0915788845896952
-0.2759717753512445,0.5622173247708192
-0.10298135461232454,-0.8976401809782351
-0.22376109844475825,-0.48557798178046424
-0.30593666231747235,-0.3318207221916201
0.3939477682968372,-1.1441557539268716
0.02971249432937424,0.22802361329261855
-0.17902893760847532,-0.003032849581191993
-0.37448269390364514,1.0729203404930832
0.09971473414327031,-0.07162221471667345
0.61604699911735,-0.9194796056633375
0.33270387831917586,0.6514268955028444
-0.8270040242759976,0.685992242946351
0.7879593084691668,-0.7248060108315101
-0.19760420678156132,0.02569058712054142
0.6861530889482199,-0.47505362376878457
-1.04384488034633,0.423307122112712
-0.8172978641078587,0.06172642094527122
-0.17154720244070795,-1.2128338962579124
-0.07763640075055736,-0.2829947878836995
0.5424167586139018,-1.126133780584864
1.1568303402922149,-0.29254531652766436
0.18510245400954592,-0.5069926710201347
0.6861152829771167,0.041973999892356686
0.8621274434330586,0.40835941737784576
-0.8600593331013834,0.19758474652164545
-0.01435080747791201,-0.44255885538537254
1.0572084201521659,0.5661166368163022
-0.5748381995247497,0.5058430011882822
0.866976448278892,-0.8950181301686002
0.2759816722287707,0.4975065569177141
0.17257741602140284,0.28733568775595797
-0.02517240474586656,0.3140138700833843
0.12956406123594416,1.0855804557366426
0.18339098807015655,0.4465117281633032
-0.11154819474624433,0.38426329174446683
0.270690165853869,0.07921863320210294
-0.4789121921159848,-0.21757007885800742
1.0595666027300532,-0.2875090411653155
0.08495999036348444,1.1303760094967068
0.46670078504505985,-0.4768916620087806
-0.8855650325618676,-0.3161217801120392
-0.25389304726468204,-0.4908859618152338
0.5473833958055542,-0.5798038428776541
0.10757976048604594,0.03474016566315052
-0.22800525219132642,0.4279277725850555
-0.7190099578501427,-0.552121980176391
0.073850648876058,0.7522000854154178
0.3512421116431953,1.070841518945589
-0.13075401531328082,-0.6297677095618923
0.8701433554639851,0.2854295736438882
1.271897256227091,0.28611147712203
0.7143058501120146,-0.789263641737395
0.4774114375767295,0.5898717891182853
1.160690992323701,-0.5630134427329675
-1.077719758054261,0.7656528774624781
0.8637196502480187,-0.6137589549240258
0.30523323044617157,-0.8784817282773655
0.40436741378476965,-1.1686388421007134
-0.23060711626295566,0.5357258963467447
0.28458495212457274,-1.1405732108598072
0.9723863433603703,-0.3442886936902134
0.8954548698970803,0.02059709015564949
-0.14698764679467793,0.7715798507989383
-0.6454475467592075,0.4477422200638824
-0.28731841954590137,0.6678296452203216
0.8941918762160584,-1.0120445592181155
-0.5700950768383495,0.03204596868603338
0.6266364142271007,-0.3002985842734767
0.7888324388550791,0.17710108119568932
0.4223567659033184,0.7356403165980944
1.073226336702913,0.284772328045729
0.8575353074536577,-0.4997238154897216
-1.108082763597805,0.4863742207606997
-0.6471120368174488,-1.0043669978533307
-0.8945109296965711,0.3191357688874464
0.21574201728936623,-0.6897773769987401
-1.0141378062305089,-0.8205814888990839
0.3159682868182469,0.18972849768006034
0.16484870713824798,-0.9036777031431191
0.23790868628460468,0.2402060743077955
0.7405004947582928,0.20641330565763907
0.5251039849559569,-0.06990002164869691
-0.25728647261191145,0.8644137654997821
-0.6533417480195871,-0.44043013178341944
-0.3041560567963911,0.13313269294299312
0.6522715967199252,0.4350699450836418
0.9110577086465154,-0.3520500176019434
-0.6278808935056025,-0.6052738664935512
0.18657796969540405,0.6702791156470959
-0.10818989657756371,-1.279825968066693
0.27059818084531234,-0.009241310726308212
-0.316741789259709,0.7678287851719585
-0.3557152569865002,-1.2105471901892426
0.8260026037894911,0.9902637788464065
0.3645457924217383,0.7004671357924535
-0.25451741719848253,0.5509415252142087
-1.1666693852154968,0.3125533319601379
-0.31006459446741713,0.8965988734142244
1.1584806601892768,-0.06215072340804026
0.3307011417112518,-0.9110847183444596
0.5502174275245363,-0.8418799921480016
0.22063129061854814,0.10246374174546331
0.07811771527410878,-1.2576335299664525
-0.2823637392193188,-0.8346567378048587
0.02031174891446977,0.20982862948610215
1.325615570717676,-0.21628330798079257
0.4053296416705751,0.40132239003654213
-0.249509404516379,0.6051176767047655
0.7465353212631043,-1.0946625686434026
-1.0805812710984215,0.16296487609685537
0.0442148409012915,-0.5219009732182467
-1.1790644314477232,-0.08318409072883455
-0.3041209363762399,-0.01746765326151374
-0.6560075005616612,-0.7374494225145416
0.3948618443578944,-1.2517177707649252
0.5099452812449126,-0.7986794299868658
0.5244956777859258,0.3678779796364267
-0.20043563209245976,-0.8144707647120913
0.7749947024252075,-0.24266898678621132
-0.609560453720774,0.8388912156517517
0.16866710228174941,0.29581134344034854
1.2188532134583512,0.1342560381867548
-0.4590512556066551,-0.3878454060337095
0.7285741591106973,0.7908361098648741
-0.2632210731867219,-0.18604271423719093
-0.37674529620331837,-0.03496341295530867
-0.015706486302447836,-0.8109830047076814
0.28517018853091064,0.7288740457530777
-1.0105593140550964,0.15926799085764012
-0.5789866950720616,0.5279710965689772
-0.20322944666887852,-0.5967622356402525
0.6434496733935904,0.06601697203468743
0.8085983290390875,-0.0514029931245192
0.30364084963376814,0.5055321031809472
0.31204992999409453,0.4828031562622313
0.023992750195766212,0.03342269541305492
0.9213662697890551,0.7461648595732271
1.0111754816061336,-0.48366682260149735
0.8090246450147142,-0.6085492418628546
0.2791912756748283,0.11802953885428336
-0.10875332075251194,0.5340046036814006
-0.3616991427286696,-0.6041541942598283
0.3726401360532762,-0.31399870636189614
0.20672214586377227,0.27423761618033055
-0.7158112800630088,-0.4475231177784816
-0.04321461296575252,0.48923824420812845
-0.6177426372897531,-0.11605716914152349
0.8733026829924843,-0.6837977200932882
-0.6583686409049921,0.5567677228226073
-0.21355915558534116,0.48358224020090157
-0.9184369549319871,0.6007934742642159
0.8015156353602232,-1.0707426391169699
0.5643046653444358,0.40109334505205285
-0.04365867230691503,-0.06146616738089411
-0.004790000453455921,0.9347396548800735
0.4367636283585013,-0.3373963391559438
0.9359354429692417,0.3573756799093098
-0.7988184775384297,0.5454531468763648
-0.42535278956532024,0.23611274238129434
1.2921180300022654,-0.24651079721393596
0.7732125748020106,0.5252180426066201
1.0216277005166692,0.4625436629470245
1.13434027855874,0.16578244779913864
-0.32926928360913055,-0.5751709854665786
0.3737166452648347,0.15103086806334998
0.11580121760379682,-0.8708075260169721
-0.44147503458220233,-0.6136079629069513
0.8986655990727802,0.14129226381573415
0.7228440538766695,-0.6024020469272646
0.6905949710551996,-0.8216414760848414
-0.4940479075852975,-0.6967437469463176
-0.035634767277220585,-0.9654530844721734
0.019824578956653727,0.7812785032230594
0.1943210080790637,-0.5643325596885769
-0.06364202000926797,0.5053327708668951
-0.9245616521504493,-0.27978515663804443
-0.27308233916613756,1.1568119044740248
-0.5059800676536801,-0.5380167381672505
0.8822989841924538,0.9585360032409003
-0.2911730344653977,-1.353487167336795
-0.23736649183729036,-1.3188452779865791
0.15223326148274785,-0.3096045563877088
0.8431761176914004,-0.2658147175351877
0.6532026327090502,0.3658472112559628
-0.5576944806580457,-0.308815672694929
0.5918179987493128,0.19589281050414353
0.4931104385378135,-0.35365633078751624
0.27599223003655954,1.2408889037446904
-0.3717961138263803,0.10149310697189814
1.26355675666077,-0.13653931613048548
-1.156583161564593,-0.4013126332048858
-0.573221863372062,-0.2645473319695086
-0.03636657644982751,-0.5313031283314252
-0.08769642577440165,-1.257278764029684
-0.894633932351784,-0.7652024922655836
-0.2526284403104728,1.0584873608922651
-0.06406844421854793,0.553915806191477
-0.492300900105868,-0.9030074445004551
0.5550884941761947,0.9432009294474221
1.1281852644899497,0.5551889590340068
-0.2616641146124043,-0.3643298402312346
0.16425956111159573,0.11779474389446096
-0.4567153228670615,-0.1638608344370228
-0.02922535483850528,-0.6385091341547345
-0.36692773283655095,-0.1546775881563487
0.15635172573632802,-0.7698732576045734
0.6618437445084068,-0.22555132594087748
0.14210804913151015,-0.1483611444639498
-0.5668276012752338,-0.43207090058053904
-0.10335297900497178,0.0381478930379544
0.6935607862318518,1.078788965090926
0.13670263291185653,1.0850124835712756
1.1012100900534285,0.30493375163978775
-0.3896940020847436,0.4678299534684196
1.1618475592528177,-0.5172288820221024
-0.2697877903828352,-1.1622456785564625
-0.09531013431536355,1.2320365045739925
-0.30899055686219556,0.25026873688532875
0.30600028937527496,-1.1245720105885608
0.928222363444094,0.1897346216118428
0.6996022986435062,-0.6592129451571596
-0.04148221513836412,-0.8653155747620845
0.7522016100715821,0.5871283231265976
-0.9516473126155571,0.0350518877917669
0.08624985449712977,1.3017702971752743
0.537410733495425,-0.5265931893562555
0.4877865875947185,-0.13166152250263638
0.5659107667990682,0.36908960697818255
-0.6616033463317612,0.4491140667474111
0.43720908992393376,0.22187790191197165
-0.6654825950084804,-0.619521303736426
0.2445793176223081,-0.20361593719342855
0.40760034783864424,-0.5354481270495319
1.2971974273806637,-0.17484885876791428
0.3224840791329699,1.228477740640655
0.21080185092385206,-0.7501328751200037
0.8590439030775826,-0.9735332843658506
0.46966717188141865,-0.16014413934052124
-0.21901289910140043,-0.5543577430700689
-0.7424982084059535,0.5181196464993852
0.2254261409577535,0.9840679105029382
-0.7914238610079892,-0.009629128252459186
-0.6351244623135778,0.2406254307836227
-0.40703422953516555,0.05944898791569265
0.14620738001665792,-1.3587753266967502
0.5724886595910396,-1.0385436620732724
-0.3737276726154284,-0.9249482918697235
-0.2871696581950698,-0.2247630964191559
-0.5723570278318147,0.5243820177086427
0.1351825275617231,-0.10452347531513126
-0.13861670363286435,0.912088363133197
-0.23693050953255304,-0.23627386382535512
-0.6527479683454094,-0.8072016806695487
-0.6520289435427166,-0.08314236959149038
0.29654683421143396,-0.00756929810804289
-0.30612398705699106,-0.3540665243791801
0.377614029396321,1.2680211735791722
0.4863733179822963,0.10048382302935521
0.05677889251397783,-0.4263048068189083
0.8025776736773557,-0.37454638923356914
0.8112257826099951,-0.35408378327194745
0.08562300625977304,-0.16867905695920646
-0.27049528344199014,-0.5939211776315279
-0.9488690441865281,0.6257823315683868
-1.0334525082879158,0.6181580288012912
-0.060674539681102174,-1.1792353709280203
-0.49898538644704155,0.6643153450305896
0.005253752874797312,0.4395653093430169
-0.8927366920038045,0.49982943170305183
0.6472183530959206,0.3739341387713664
-0.6128194365366955,-0.9704012768086644
0.5804749241539103,-0.8135212924905935
0.6197759687418491,-0.4411568643705912
0.04126327390316705,1.2950103544941425
-0.8402113368574704,0.29613000756614666
0.1370012635450669,0.13870295578038405
1.1601004832714916,0.24330501786019648
0.5178047903043099,0.30383363945601755
0.1613440765152801,0.4600048175219782
0.59487987618721,-1.1255648179579216
-1.0444481269341455,0.36474054474561063
-0.8867277641691684,0.316768089487396
0.00550980386395549,-0.8449918480124896
-0.6948265873399516,-0.6347202947168562
-0.13963427770765122,-0.07955972971365785
-0.14714903104808216,-1.0914774439234347
-0.07548822557881373,-0.05439715725905465
-0.08685916744079564,1.329243299700194
-0.9224627774026402,-0.7686529221267948
0.10152128526982125,1.2147304028223609
-0.02796991359941424,0.7207777132152616
0.08618559319881716,0.6281445936657019
-0.8363928032707145,-0.1665404764890731
-0.9269248597287969,-0.5479701738594903
-0.26245371218075364,0.16782090523418555
-0.9525937679038979,0.012206983949384477
0.8564567903891702,0.7063384397312951
0.1204739583914959,0.19814604717490722
-0.31259284866203635,0.673684670443738
0.7298419802593518,0.9200320441191394
-1.0767472642643205,-0.605505755972928
0.44363293790770136,-0.7891366024982631
-0.037660659374967466,-0.07621141071027618
0.4434919944755409,-1.2289028350461941
0.9226216041386919,0.6226030430444607
-0.005765577235884555,0.227635486993644
0.2554966062433797,0.5389706254462991
0.8321917854030827,-0.5586828839597594
-0.4382687084379615,0.2599559711680823
-0.15459498931794002,-0.34819267980637636
-0.39659445450997305,-0.10422177678287424
0.24271798532866118,1.2076132570279197
-0.5728039401151003,0.4139061336608857
-0.11703946347597959,0.1546703795204276
-0.4269606164671055,-0.17135024144323283
-0.342484510524704,0.46190814591508234
-0.3394018909921584,0.7060605796489037
-0.38770451123589267,-0.2940305629245143
-0.35542880620444556,-1.115763976345961
0.7187788670642894,1.0653044775194336
-0.7546206560665688,-0.8768030880181789
-0.17458867257248128,-0.547495838541162
-0.014879461585428399,-0.25241535925444125
0.5095940005151619,-0.3545197148285772
0.6984769801077717,0.9064424324605903
0.3412637849587274,-0.01756030278690257
-0.7791485055136828,0.5831367320038479
0.0025727612709289622,1.1171141643655258
0.15540356345260964,1.0062740517591393
-0.14537447960176636,0.37033420772993264
1.0933460528479417,0.5527477592522747
0.8799725005869241,0.41398410962513693
0.751986361390979,0.7734206524270096
-0.37535788972805934,0.5465574261653967
-0.07416055638717749,-0.47452792266308585
-1.219240451209113,-0.3315757761541534
0.2302966816075669,0.8909007139197016
-0.007087018306552998,-1.0378951907744065
-0.273487264863468,0.8556627188116007
1.1220100088346594,-0.1742193553967703
0.6852353848036342,0.7739663504593333
-1.166704452068923,-0.05303527506073264
-0.16279972258573985,0.7874041182990498
0.9478619955423822,0.09689729967548197
0.8812371203357052,-0.1187136429752337
0.3105079999567422,0.42670274205476755
0.48104723705280134,-0.4010330943169635
-0.23474277195269683,-0.4158497263572902
0.21638604393374927,0.7863964886773761
-1.092222748396022,0.23257749648797807
-0.37104371299059974,-0.7906853278455296
-0.004692786515601281,0.4009965560756966
0.2099838993018759,-0.0020218697731335914
0.03848129253859944,0.7755253964467729
-0.3246917349463466,0.44663603114373296
0.6497417057571464,0.3125009734772672
-1.1122548422901901,0.3753469826464397
-0.385145193560827,0.16711843137358307
1.013301113072736,0.5151017238313474
-1.31457511481746,0.11812779404279942
0.230177546782178,0.43498784520959455
0.057139072870331334,-1.0312782552066242
-0.5687998303120627,-0.9961459948984341
1.0725314704898186,0.4235157563224468
-0.14010915765874443,-0.637800692050534
0.027793751322934084,-0.3300636816623809
0.25120151618799497,-0.28267833296262923
-0.4918435104740269,1.1672672296890083
0.6469820152558273,-1.2079120503776501
0.6260625444074,0.536415811081904
-0.07831032353432572,0.5269696010664299
0.15673252030881843,0.8301515117917114
0.526613518168171,-0.4204942658926324
0.47143546098451095,0.018592917666854544
0.3599548520780275,0.6572570771766709
-1.049902643831395,-0.5045729260762832
0.6636050295323203,-0.7694056694367343
-0.9561890975315486,-0.9080496711927004
1.01663660351817,0.5291692054648787
0.2683342064003007,-1.1397756026683068
-0.3383973319561863,-1.2375083248543615
0.2700632691543188,0.7872006506598199
0.2629477472860138,-0.311364696455753
1.0344758473180982,-0.7203280780149692
-0.6038724016300373,0.8264834260672094
0.08793372442416854,-0.335037753504211
0.5478173139012401,0.30267535745508445
-0.14741955495515766,0.0035949032990187065
-0.8525516562700133,-0.09444745303048974
0.7739541393976762,0.21247601717174971
0.15632853411695458,0.8809306679189958
0.21870223657178553,-0.813045962565641
0.8082653331019894,0.3139960237591505
-0.18122170772270182,-0.440983905909321
0.7350260079282254,-0.42536358955241604
-0.2945517535404047,0.546346483525228
1.2435340607134435,0.07567169359239143
0.8425710460490717,-0.5287898010799028
-0.1795207872082892,-0.14912678902136559
0.16616443176400006,0.6419778476098286
-0.3735030425424145,-0.37792785965548253
-1.3147222165411543,-0.39338418187251967
-0.157659394714919,0.27073203461682965
0.540358919638322,-0.2907107702819495
0.10120625513009998,-0.7078520414061251
0.8754479841408557,0.50099454825156
-0.2998068736279853,-0.12878610187025752
1.1756317371783966,0.06608132439410067
-0.09629400319160522,-0.2983271045426788
0.4031471260334358,0.5822353247934748
0.0625882872421109,-0.7633309191550683
0.36791664400775714,-0.5345542440011631
0.22184179995729653,1.1488057407382106
0.012224724950501448,0.9407008814565041
-0.4353619076186062,0.2648977217358691
-0.735896078570807,-0.2529501825618761
-1.2331296036641937,-0.1365240717707243
-0.5488272432816109,-0.38628357518683654
-1.1151961948037705,0.27828847213742497
-0.3905743416624957,0.07381073460164513
-0.6098143571812439,-0.9934485820293599
0.12668502255791547,-0.46876577438429384
0.2350065381900938,0.07147271192851264
0.6787820871682552,0.41006188488768763
-0.15521740490475344,0.6106133574114078
0.3774346006380746,-1.0500870411568088
0.3436198358740076,0.5637450864806418
0.6741592815819628,-0.3662240838476798
-0.6971522372334332,-0.6716622871286102
0.4438622270502849,0.7704650570724549
1.231396464778793,-0.09314145241878777
-0.9005516872710562,0.3190156022773232
-0.6369317134477397,0.1285138143338362
-0.022601271958109174,-0.3792385058702093
-0.7345824895608015,-0.2108465489827527
-0.27389692761260337,0.4279226220110382
-0.6840761942438572,-0.900620123526179
0.6878344796376293,0.6630856356492225
-0.484012197168714,0.6149888137854609
-0.3794916166942583,0.09970577920080168
0.4024759068099808,0.2247329908283263
-0.30002717404910134,-0.984666085269056
0.3081711855068017,1.0415665504068103
0.13643779389359617,0.4768215399028372
-0.7997845078581057,-0.3836042547903488
1.0287700240826074,0.23764355576543775
0.580558156664716,0.2735458540912955
0.48049776267351807,-0.9323501340422433
0.13919594843251268,-1.0266106628944323
-0.07936735185431239,-0.021647789212641058
-0.05779729169131268,0.49327422534239895
-0.6842719548854541,0.5818938009495805
0.3581848859824155,-0.26967454357028253
0.4193490874055604,0.7770747011535514
0.7716788559522707,-0.6127353166890821
-0.2110099252926876,-0.21983551268782675
-0.09611849441452089,-0.9969189987602194
0.3403782269297903,-1.1012949350804762
-0.19030428563192453,0.8579040234497946
0.3989242654367804,-1.184258314961308
1.1418991747933473,-0.5186503874904145
-0.9452790197743938,-0.1808563324183925
-0.2759118192709714,-0.30928134526938184
0.3291061291710755,-0.6758593529658501
0.001526660571556386,0.6687077024600625
-0.5149053275773333,0.8856433271677702
-0.5206834245240293,-0.0838186121662984
0.12398438937495156,0.09412885241495016
1.0417872334918483,0.25798505297553925
0.39798958185567,-0.4350536744847484
-1.1350320743841313,0.15522138526011725
0.3969869098216324,-1.0964996771756288
-1.2742113848767274,-0.06502879650470766
0.7188369213336256,-0.43097764019413887
0.40368070130969413,-0.3042828696141835
-0.04202232472284486,-1.0880025193568184
-0.8542443810668078,-0.5400978036471747
-0.5800477656522063,-0.20177785053484865
-0.586767547695397,0.8446731696053565
-0.48846560603614003,0.5956270325523694
0.1380204577274328,-0.44366395043660745
0.18254174678733265,0.2721636861150225
-0.036254814365143176,-0.952149980695786
1.1224258946582852,-0.1699463659542736
-0.45930874222584167,-0.25057895402887387
-0.17847275308376648,-0.7946274820598177
0.06339299841150421,0.4872543397115525
0.6124039718336506,0.06220509878400081
-0.14750201588858866,-1.04179085760721
0.31390500961062684,0.43674057974450936
0.271249608967128,0.4107525877793772
0.3842372363993587,0.906835869726855
0.7551552775714502,0.830769579463545
-0.08378637450690846,0.20024310236762033
0.6294385468747357,0.7523291366312554
-0.5160701449842949,-0.5394118056278905
0.7960500952097417,-0.670128190247185
-1.0193682321651718,0.17001406823838197
-0.28850371044123635,-0.9362369941239056
-0.4150905171101472,-0.8206149829751828
-0.640200520727302,-0.530658781695603
0.34873217464498485,0.6097245445523245
0.10861442143936446,-0.7804090560257108
-0.732065000745641,0.46696486073735016
-0.28648255622580054,0.4071103438936313
0.864098674599296,-0.7762170700978419
-1.1606157543590834,0.09631538776726623
0.4185943779322286,0.5609355473957504
-0.9960035121588368,0.7795095378226377
-0.6282559990349711,-0.37190409975836597
1.0400855639770374,0.4121543078753314
-0.6776836640149769,-0.7681221119173209
0.23685848058343698,1.043637827106722
0.048269454437137274,0.7743812719740749
0.5679804314319883,-1.1135783509218387
-0.61247986197075,-0.10057125612374891
0.33038179216330515,-0.09040469494192847
-0.7541491589110323,0.5317600518043483
-0.4286828123871981,0.8348483160920906
-0.9563523298055462,0.8048430324054302
0.6893667574605273,-0.036304619690071566
1.0137202775873182,0.6764242113196927
-0.287953531518563,-0.19934935092059627
0.3482725621723988,-0.3624752063407518
0.8688136742107371,-0.5247637093473305
0.5367440750274968,0.5037531204377467
-0.15241198692706023,0.0266940202067699
-0.7071584763044471,1.0164738758831797
-0.6600148790330339,1.0081920484170726
-1.045446980492897,-0.8193983746080565
0.7221863949667642,-0.9641083228328198
-0.5968887624425739,-0.02707495253382738
-0.3923388415359074,0.79943101559845
-1.2503664183194307,-0.4063286999894636
-0.27174694938577243,-0.6243399257506829
0.5824648124147835,-0.6334545803099375
-0.6734174960776834,0.02313717885662974
0.8584003649820139,0.5201127160202013
0.3191470801612873,0.8469173011940622
0.6742805860868334,-0.971904579755434
0.8109251688646057,0.5692792865871878
-0.06389833111552999,-0.03515284340267297
0.5596444584206451,0.7037665055956733
-1.0293336565576414,-0.669571922247809
0.02625270197052575,-0.3237270442028373
-0.7363955807059895,-0.5903713370589019
-0.6348812362965293,1.0984414156326834
-0.2684425128681741,-0.3621428008214738
0.5212860547823005,-0.436414265964794
1.1185208382173577,-0.4523522194406171
-0.330829370594373,0.1381156453453321
0.6619433300803421,-0.8892793638681946
-0.249831707555247,-0.21018149107758075
-0.3962219289129266,0.5667596108798343
0.0028247981751573846,0.2953002029875823
0.5518615044344145,-0.7162001532986537
0.3051930548222778,-0.09634045457636929
-0.35726413759469045,0.5397190156332204
0.35791278992587455,-0.12628716014294256
0.9099548499921005,0.2662354612370174
0.41372985294309655,-0.6308537087527464
-0.4370193665275417,0.6085875111931679
0.4907581945706104,-0.10865106577653207
-0.5780708033885095,0.26272808633124894
-0.6142507731457936,-0.4852671829966831
0.7868300419133528,-0.5504297174191451
0.12003143991820793,-0.9936006779591909
0.03430132652461674,0.1411018366764885
-0.277522949676622,0.37610309086853627
0.5205524563985989,-0.3720829802680008
0.9877248459870571,0.5358975039842037
-1.1888382739365932,-0.15463968097709233
-0.13010914980457566,-0.24849045985565965
-0.20079598136657603,0.2512377830005357
0.5322751049422053,1.2050730554010978
-0.19378608972008446,0.28864066003312944
-0.03181458153201014,-0.3945280817306482
-0.8848464064209773,0.529216378038818
-0.1653249284745689,0.3680873634528621
-0.37939653479749036,-0.03404479490542448
-0.4416827460958036,0.8411209007056517
0.05073748733815143,-0.700119416953558
0.2092058480628988,-0.8856746679326756
0.1719155073831477,-0.5114842665285786
-0.7897064736795206,0.2680722228724274
0.059653546823361436,1.126637127723873
-0.26974700986223304,0.02283569703024323
-0.1306532791646813,0.15981980543002927
-0.8390359708037944,-0.14530104115000012
-0.9019025200121117,-0.8249636113961236
0.7984075945605071,0.8284455545220175
0.7062114989224173,0.2950895655649042
-0.1938049792089924,0.5867913433307387
-0.4881596559157575,-0.1713349350833794
-0.4559354503551068,1.1641771890250918
0.02677776047490891,0.1180701372889113
0.41732630942352367,-0.03032347739796574
-0.17261481396103417,0.654081811814304
-0.8790713367163892,0.4575755595407996
-0.18102520925012866,-1.1007119834766093
-0.6152462058910599,-0.8309096495500379
-0.2686293945532981,0.9678030315536665
0.7620575142279246,-0.13423159161023118
-0.6214758430167128,-0.35193659721070475
1.0830060937370778,0.42037472051582386
-0.49916669053036794,-0.5142251567815804
-0.27488352419206125,-1.0284496125552616
0.5146266213888615,0.7429721569794333
0.46278765610231704,0.919413114480457
0.8660542212412666,-0.5398203742635497
0.630845640445748,0.19467646134141037
0.006441876837428403,1.176352654012906
0.37304147781324837,0.26917422678951947
-1.1919971145592143,0.6759002523318087
1.1124259408097825,-0.3349100883040565
-1.2638996514500629,-0.12278395448513454
-0.72094621252214,-0.7408796806967606
-0.4680971111069937,-0.22399964376538717
0.602404184859879,-0.42452689039610464
-1.0594149776432034,-0.3218109971845837
0.5041567639759724,0.6386381045972542
-0.26418305853672425,-0.46497490487342186
-0.685236125943786,0.16724126814574675
-0.2711340476897738,0.11303197128606124
0.7203821595624471,-0.8308897191446154
-0.5014173133057622,1.116350582816879
-0.2646991404153524,-0.010620892747125528
0.9890489781796961,0.41835208846695765
-0.456342528543401,0.5870136132924137
-0.2745118022162253,0.44689580050322375
-0.16702875964809485,1.247164745328569
0.3173347004390602,-0.7556653942763889
-1.2785368670439972,-0.16011855442116898
-0.5521769431458702,-0.2159200351634341
0.14941178644000938,0.05764194595422034
0.7325931758526245,-0.45164156035693953
0.6130706835820315,0.33494294997693813
0.40190254182833546,0.6441710023148356
0.7796911128543398,0.6900444349006589
-1.3802693748636659,0.11268126433728332
0.742266798437353,0.8739218965575198
0.8655118294705672,-0.17215060531481235
0.9660407742471204,0.4845942767785052
0.13615468474735093,1.2738094429702433
-0.8275890546486756,0.3945259451039743
0.5759077570051422,0.5084072732728774
-0.8914659298408416,-0.6104732207773051
0.26218465525734513,-1.2539481200099525
-1.2528388102085113,0.03581051996038643
-0.9086500285685758,0.8039689984714814
-0.9159447002960758,0.03501920599419342
-0.7600011561385843,-0.555206471125291
-0.8789184711295472,-0.059096381773321716
-0.6556684739537116,0.6172951304491023
-0.6577984775284338,-1.0267590365556276
-0.34264500055816133,0.5914339774597176
-0.7609172615672206,1.0254414830957814
1.0104602808541592,0.04089592999779765
0.10357347912684421,0.8117321967250847
-0.9999231811036365,0.36161540700622263
1.0815072291782386,0.062136521519955724
-0.7089002128398821,0.15077097136936826
0.5248087871701664,0.35318001578655583
-0.6581190791523421,-0.019897010320126522
-0.5023972373756317,0.40334552207384317
0.5314128223386684,-0.22961427070951698
-0.05764585734417155,1.166987140688458
0.7106199382034691,0.15044182271168122
-0.7638272366023261,-0.14472413876992019
-0.5024447341160105,0.3081026812517796
0.03910964172505966,1.1277918308077977
0.5537478869094885,-0.29963829627545
-0.9631261964753471,-0.13769266226260315
-0.9832240430575936,0.016667715019476274
0.37047388490464594,0.4906519034419481
0.5248372376134759,-0.6935651377097198
0.4029263514578282,0.030115254660803094
0.46625940572979824,1.1610783019041577
-0.32710692115723305,-1.2674484307539602
0.7607616663088685,-0.5253626528688455
0.30333038709607113,-0.6272244039956542
0.6662308654102589,0.28412019722751086
0.6238851033696126,0.3211394617223489
0.8185819687365306,-0.40039432219586196
0.7362623515338308,-0.6246409417914259
0.1129239679776752,0.5458348150812212
0.38517187350259496,-1.2933561137093246
-1.126818589389681,-0.39694574260458765
0.5705506042446118,-0.3873358785857975
-0.8717463826091215,0.15813100655402068
-0.5718721899425554,0.2309436991041184
-0.6572214428658718,-0.4923240930637216
-0.045467975788024445,-0.02442557761531553
-0.5664029453606936,-1.017313012349405
-0.9088180832533641,0.42109123727328807
0.5947160315296303,0.14098821046640603
-1.092490505458576,-0.08859471435323356
-0.2983725664512268,1.205269111290068
0.28547301256398094,-0.43503396464079525
-0.5907218542895384,0.17618724644830028
-0.14923824138225025,-0.31498462750823897
-1.0849899065787578,0.2027812098537276
0.6645530564766504,-0.27911492366585966
-0.08155637056223912,1.024240332898355
0.9801894368258174,-0.3163044623636422
-0.07866284693589129,0.7811075482035009
0.12824350810186336,-0.47398041989781337
0.07732162629649005,-0.04131251685070608
-1.29062628717138,-0.015911020429524525
0.31899610025132624,-0.07199792787061797
0.017370715392770453,-0.479715099660881
0.0518668435494729,1.2918483512304104
0.5808046874673132,1.1388862440371168
-0.5412207743175497,-0.152627488968661
-0.05048922058592812,0.0948535983585067
-0.20265630753507935,0.08952687091526856
0.9911695270749339,-0.9333970521187163
0.11935300551912922,0.7898097182244301
0.0007677276524012598,0.4819445054685783
-0.12340590708572159,0.790246998360555
0.813224170229599,-0.12108474511320569
-0.04446813576692191,-0.18401643875970447
-1.2760182006415235,-0.20070607891463635
-0.8363387448325919,-0.13180545090444212
-0.02385070690069256,-0.8194417872043787
-0.24046419664757707,0.38517833110691735
1.1840919295286823,0.3678826531500469
-0.18496763543070352,0.356952373689248
-0.7035240184433545,0.36198925549114697
-0.02684036547569511,1.0272344172620609
0.04729698915443411,0.9980064247280758
-0.86399261897845,0.5903384201068754
-0.26161534877878534,1.0399098655172974
-1.0499733430640843,0.0952486670696101
-0.14973842991390643,-0.31830258286791363
0.9535624658413081,0.6168069332565708
-1.0117449567298658,-0.12944255256574128
0.5704152020875227,0.10483426296430358
0.76815543061565,-0.6636125207816093
-0.7446902335781203,-0.8759197448479473
0.13183159392437543,-0.28764986909294366
-0.5111818049568042,0.9990155876508012
-0.4009496445847401,-0.9829025875523234
0.46423799556018586,-0.3131247990528421
0.7830767793713675,0.7529117583552614
0.17319034390007745,0.7096354668234169
0.8035658377572038,0.8313484951787702
0.5262774929837927,0.02373039350312832
-0.009810198559688284,-0.7906405538793029
0.5693596586523775,-1.0182284550740623
0.8565567949806058,-0.8457471192596554
0.6181149345855618,1.1584353051381089
-0.19241587337119848,0.7397907293602728
-0.49581696045844365,-0.004634674089227285
-0.38719138825385,0.06034428472403515
-0.06267226608884313,-0.17003044894922104
0.65524976384091,-0.022183335544530367
-0.9983713346761528,0.4685264540682328
-0.699117371387082,-0.1325545756514177
0.44366279460949404,0.6807051299534063
0.036024361575201023,-0.23041134922526926
0.5946314768522772,-0.04384177576453442
0.23765150220033932,-0.27661620465982956
0.5411551345418977,0.42309496850763423
0.5120696087948441,0.06715052978125623
-1.1362991857928768,-0.37100747527026257
0.2926560807741251,-1.0794667521279637
0.38337097448662555,-0.9113849368341221
0.4653749405849908,-0.7789664940000506
0.5234266426006718,-0.03714498856626686
-0.9086287420158455,-0.9524410404639732
-0.6350969292015518,-0.8544789222547258
-0.8571444070731452,0.07070785141637057
-0.1031162073426318,-0.05591980319197755
-0.119787371481876,0.3348066844758858
-0.04320262794368164,-0.4348491731949471
0.5281580312292221,-0.32493432402975997
0.10594638406077588,-1.3152076812315994
-0.6959956875069127,-0.39413691702632664
0.4986991562050141,0.6905687618206734
0.3886618121352662,0.49372867491945804
0.530143606887814,0.5580177232905683
0.4782052264734086,-0.5371130180999706
0.1632569693583121,0.5644957863985797
-0.23183686133380188,-0.6743812704898173
-1.3263035141093682,0.4072286237172115
0.6903574537802962,-0.50159283351008
1.1695724270300718,0.5409425756915438
-0.0014427286582512485,-0.020443809955426776
-0.31052489544685,-0.39765052291356956
-0.3439721296199684,-0.5601482639598224
-0.7122182667953049,-0.2880668862548671
-0.36939036760348504,-1.0170348371211233
-0.6517373419621704,-0.8630827314775003
1.174464368552084,-0.15039433639538582
0.6707368505865934,0.7174906782219219
-0.10663286653810694,-0.359176401015974
0.8983138176954194,-0.760871778374663
0.3333554748421469,-0.722304239261404
0.33660781110881094,0.27470911011140425
-0.28805615400651524,-1.1062798225641906
-0.059878403900162906,-0.18769675545308068
0.35098927027702564,0.6012489605183584
0.4468587216699414,0.5955298322079099
-0.6867826228456856,-0.06558056772203616
-0.10001437860319798,-0.8508127579373409
0.8748784644402359,-0.44742268138882263
0.5711297550309157,-0.9720276093315292
0.7561435660014181,-0.11474464158254659
-0.5330930350848705,0.13157866222141026
-0.5944575442644718,-0.9759334012263605
-0.08978619219151115,0.7036428592253302
-0.36147579537611013,0.566244051052278
-0.7509904197836509,0.16178557760688206
-0.8963483989240476,0.42974968822121645
-0.6323197553931038,-0.9832668163107602
0.10069608234143869,0.3852826580797062
0.6047302032288688,-0.17506896240446573
-0.18433953975856085,0.5324423858220256
-0.8612910057523652,-0.5712873198479118
-0.7346551509252374,0.11675231919414733
-1.2155176046052005,0.2816953720516263
0.35085169520335246,-0.5830947518864602
-0.020764803175755037,0.34188104116191076
-0.7733803073527035,-0.5362860380876141
0.002296910988039916,-0.3299573855966269
-0.793902265997984,0.09024352227394304
0.8485434489131243,-0.5278454701796679
-0.5297185046681878,0.2746282673971936
-0.7216129297596218,-0.28041759726581666
1.1901515484732577,-0.23005293758177073
0.0746215927727515,1.2364287493752057
-0.6852279649542161,0.511107660248874
0.07229068988152786,1.0662758466535205
0.38853821318256565,-0.7623976992866484
0.8845710274315621,0.26859751266855203
-0.6201189544826365,0.43774619822153715
-0.4766023159086629,-0.18379739983674556
1.0259919480656554,0.10493832522247962
0.4815076442802357,0.6218858992423139
-0.6206702236573578,-0.4716662044194792
-0.3122610817058945,0.9748730150113755
0.6737283498496931,-0.17452982922612295
-0.24183202497293438,-0.12862742173286598
0.37679017559905004,-1.1309288787563092
0.8710153250345914,0.39658315703585656
1.046420370333483,-0.2945713866513538
-0.2631217301713058,0.8855559963045866
0.10448140279088558,-0.2557777196439376
-0.6423994060282945,0.5306585299634476
0.22263417697682922,0.706294586443655
0.05530984404207843,-0.06815313191677072
-0.44579095334958146,0.058164861322613316
0.07340412769391375,0.919940760820182
-0.4171322566061025,-0.3807735737551774
-0.34583771743345876,0.49606859607391585
0.10983636429728033,-0.08499113216165541
-0.9573509120437338,-0.7420687652587066
-0.20197146366576305,-0.44998632934396154
-0.7725135728720292,-0.038849733496666074
-0.0447197216483589,1.0483326883159743
-1.072745268417867,0.3394719107875454
-0.3383964608900827,0.4021727097700025
0.7197104721611685,-0.5247592485996406
-0.6303241149313168,0.7211702245465889
-0.7788237770507872,0.657557493211804
-0.7310116868148449,0.8290056919693878
-0.9685201696790136,0.8939217315958337
0.4053374221145684,-0.39728327246421646
0.6421516424292433,-0.47257380412500977
-1.0375761125691059,0.05340241606043468
-0.020001176366013527,-0.6220349824781396
-0.2989041296853854,0.9694771601453461
-0.3370543685058623,0.17856203090685058
-0.38890562453143634,-0.30337546518497316
0.9417505944422168,-0.34023706260510017
-0.5074336324880567,-0.8120516960441468
-0.3965411304706491,-0.6264505095941155
1.0266146788386443,-0.6637601349505462
0.35699589530680353,-0.5739786751187252
0.47933552090354953,-0.8122888593243541
0.17042218028710338,-0.5803727305928801
1.1817376612542627,-0.5781471959419899
-1.2225631506402457,-0.05883141296950775
-0.6683781799620472,-0.003942898427147311
-0.7238690710635795,0.9416495950121775
-0.10709243456710515,0.1532126628341854
-0.25469889099807297,-0.7415737528306633
0.35030148346830825,-0.5599909177483928
0.4168954255639622,-0.95000535273245
-0.13020476795015454,1.0408084467643657
-0.9014689935750461,0.023020033614163177
-0.38505040065052254,-0.47646859327878893
-1.1005479983928648,-0.20735005061677486
0.41774385109559586,1.1668984927699033
-0.08570579766868897,0.7475710329752346
-0.8081512251332583,0.1380145261343228
-1.075247974993284,-0.2483152881228674
1.249212147414714,0.6103619255107336
-0.16017886264073625,0.3666959850827129
0.501004471111726,-1.2953812260902886
-0.8761304381143048,-1.050945100729734
0.22116585373328587,-0.6643114973466501
0.6055986179563314,0.8835389353248061
-0.7575992522576468,0.03429419723020165
-0.7520325156311777,-0.6313500552175235
0.1371693335939198,-0.2854973228786488
-0.0009509270383748457,0.9106041213450548
-0.570416382532184,-0.484664318913647
0.7345226241861179,-0.534524320678052
0.34246431230040314,0.2853851566630026
0.2796860334174373,0.3356322552619953
-0.6078025592860399,0.20638035263842203
-0.8298986274475163,-0.2523168592607947
-0.7596267892331139,-0.42727082829966656
-0.7731632366243554,0.9346561757450264
0.6800495900011598,-0.18483656702220227
0.8241191523767573,0.7781410066919687
0.2511733839572002,-0.30354862782274755
-0.911295341379034,0.8057478692386822
-0.7973380087534405,0.0873825799715061
0.31563962042568255,0.05686538271696463
0.018061335645047513,-0.8832885955579002
-0.30573671971314015,-0.3717462765541237
1.0039368954173635,0.5624703064054379
-0.12473518073589204,0.6859550889756579
0.275743553983668,-0.5367816740066473
-0.1771580325812593,-0.4903237320716304
1.0170311090991995,-0.08067183033748845
0.4645593150855276,0.971670176904568
0.5906356043449029,0.952419154341338
0.5121439916099602,0.11541059258899795
-0.5517831687729245,-0.5341120040509739
0.5553935345677637,1.1446485751572673
-0.38767476360981573,-0.3931319362922671
0.3255762944360674,-1.2818766447083139
-0.9071791844785906,0.4294493704218979
0.20790140575479893,-0.3548350081563407
-0.24930610666724418,-0.7879960212482895
0.4023199629616344,0.2695654481913795
0.6903139748381811,0.6123700572857584
-0.7230835331603388,-0.08531456549017248
-0.15632243176223956,1.1520942077729692
-0.7380569683361923,0.1384308199332194
0.29111970346579424,0.06983545805573904
-0.02970867859455095,0.9405059891941021
-0.5573652428742348,0.7039464760037719
-0.6295366773749037,0.8794127298084361
-0.6271208476885077,-0.6963426100041908
1.0622468086193835,-0.4435206778067891
-0.6155488442667767,-0.5616332438037768
0.8844216886399655,-0.291409403094955
0.4664569443952202,0.11466314267739154
-0.47474914575378796,-0.6393554950775038
1.03920482281226,-0.6616416343516776
0.08301244600617563,0.6771062495711608
-0.3416489887265525,-0.8811866329831674
-0.9320286714445447,-0.7486371067946834
0.5269709910070097,-0.05162532541716899
-0.7120547538815853,0.35787168625994303
0.568741867726586,-0.5161581851990602
-0.3219759940383516,0.8262715610496076
0.9310012314455587,-0.9574262205322099
0.44259277251751916,0.05969576402235054
-0.24592992336783442,-1.0449645809627803
-0.46249533508410595,-0.01801924158765132
0.036737635387051305,-0.38973592937892093
0.4717161274492993,-0.059503376144751485
0.8384043011749176,-0.4890006516163936
-0.989838346150215,0.40361651686925704
-0.11134638462954098,1.3593080137182476
-0.3848297587833379,0.18437585845734264
0.8644904330777123,-1.061018426590083
-0.626214882024549,0.31921220900818925
-0.1142230122546897,0.5100486625589397
-0.34281103539374425,-0.7621506600459645
0.08401981935215018,-0.5316115091076347
-1.097210509777228,0.05712044175988527
-0.34333807609218664,-0.13909720925512042
0.12824769478135728,-0.7556662321776231
0.32504885959254576,0.4343715200329728
0.06800389055783518,0.030254817929125655
-0.21302294392073565,0.8505857870778496
-0.6762298758936592,0.7942849496687785
0.4035650295481273,0.9305621424916367
-0.6138097508993748,0.235367177106682
-0.18981811827492154,0.04409743717854772
-0.5041723837768755,0.2565325545391131
0.6334118374950696,-0.26318899072672436
1.1202728105122,-0.01927642125882807
0.9029938275447712,0.8531860986300396
1.078241827227267,-0.26330362545486463
-0.5666922586685724,-0.44475018784471415
0.025495503797513922,-0.21787094473280066
-0.3898281758282152,0.6276794954500012
-0.7284340113558971,0.44121520233836387
0.9937802351415753,-0.4460731141421998
0.13178293673257138,0.10455974666477527
0.05532470748179601,-0.08823534336686183
-0.4184014180560154,-0.04180978600928735
-0.1686110404010911,-0.35790870937095504
-0.5403432273909039,0.949127513610081
1.017483357872725,-0.18926692955954422
-0.40275626055528607,0.0036638524919611975
0.9354822253686309,-0.21342470980076264
-0.5911485062695176,0.30204969935263765
0.4572317570941208,0.7069883496806595
0.2837161747726857,-0.05344171850265799
-0.04842300725601814,-1.2959760224691483
-0.7551695345479225,-0.465580536231468
-1.2209171239275325,-0.17769721416325693
-1.173368865723407,-0.0165619804847782
0.3458434311516925,0.4321858471980548
-0.6346766033441879,-0.549862030010705
-0.2913359516774896,0.25995255130734973
0.07371283967785815,-0.793417462344322
-0.5248674345894724,-0.6594399065454526
0.7414999359420654,0.9857926976474194
0.14057596434509348,0.8470670547915508
0.3569854818475318,-0.9432071257959486
-0.8025141962030972,0.27396295890594546
-0.8198393537005356,0.619307647166564
-0.824759356834358,0.13538992194636462
0.982083031603601,-0.11126346795122777
0.33505274305614696,0.6499249409490783
0.24026088722446373,-0.20326596681498801
0.21287966218488352,0.03651985308671149
-0.5343314366006311,-0.7000423720258293
1.1505590212290693,-0.4111787731499919
0.23738099150816416,1.164690308955788
0.46344423531927575,-0.6918655562581103
-0.6954385651515648,-0.4309605066235987
0.9566839236894934,-0.27400680404175626
0.06512805954962068,-0.0018810787130929619
-1.148619634387133,-0.1445814161202482
0.48929562832508966,-0.6106198243235781
-0.3417807342436086,-1.1261769051392776
-1.3025981141849317,0.14701476514496892
-0.1636618451318951,0.9024902506963249
0.13395958677171454,-0.45566323610455944
0.08567873065361628,1.0447975924592072
-0.3126634833845607,-0.890688307453772
0.12065309895295642,0.01894165135035705
-0.41056461922770066,-0.461291060439561
0.9586966509644796,-0.6254093717604601
0.03583421625123231,-0.9478712485851012
-1.0422848000811946,-0.6680250732585243
0.8158334693658059,0.007901320293926107
0.08939359089603086,-0.14838326722399992
0.16757498502750143,-0.5323198774182484
0.1469960074156352,0.34316263790030116
0.6540082455275734,-0.6295873552766638
1.2581239751185398,0.10934893366037259
0.3508482732007049,1.0501780189306824
0.6817142269577883,0.14280199981344086
-0.4863803711451767,0.1476456664928311
1.2761178968685138,0.17119822022048842
0.6509836278020692,-0.6617518905750512
-0.4468242679692125,-0.5322889412396112
0.3473846828579939,0.7045832842378366
0.35444539441518536,-0.5413842600144749
-0.15994723645268075,1.0669215465018373
-1.0390060865442372,0.3413121061445693
0.06726860415129848,0.11616595800106182
0.031432201955539855,-0.04967348684639424
0.009923093022705994,0.7549429254290645
0.1662066549068709,-0.07077099653278114
0.025055942159331074,-1.0937364000133591
-0.4060466391375938,-1.0967793961459638
0.30549645908135803,-0.26872389301432226
-0.36034981065900606,0.11336909208561863
0.8640006192566199,0.8217117663603701
0.33888258318676734,0.6514669180847994
0.19387730853554855,-1.3296646137996737
-0.5529346580008169,-0.9554485504738608
-0.1854579592123604,-0.847247877173661
-0.2067564097790284,1.0029814264638468
0.7604697861140938,-0.5276906331694754
0.2656243188247736,0.8267082108432157
-0.4419323496433969,0.9145729901051342
0.5459234989055328,0.4196054373825052
0.8578128659066026,0.23111864473169574
0.37160444520287833,-0.9978621614606004
-0.8833229820031563,-0.6929346339621202
0.6931165677284925,-0.01584831270988105
0.6097704574582289,-0.5694358979848102
0.10079944949056953,-1.1871611710949854
1.0896540984424716,-0.1751757251249742
-0.05756329178389759,-0.3748400381629145
0.04476358000952912,0.3910079545469394
0.58689996058255,1.0052063830618938
-0.4599299752752177,0.2228375617752307
-0.7952986652565671,0.34235299360132376
-0.2561669478387097,1.1598926061018897
-0.1808869231770682,-0.30047572336343287
0.29070402669739637,0.6527944602040653
0.49639774258895975,0.9349249091837414
-0.7063355818294086,-0.867777190167183
-0.21488199887444492,-0.43895775200716425
-0.1200050118221101,0.4827229974832875
0.19042662890613107,-0.8961086806781473
0.6928135744318823,0.6260913755314478
0.9345865968915067,-0.027163069262134385
-1.18432159735158,0.5943971856994195
-1.116030158327389,0.028492423496583923
-0.3010660617566867,0.416761820967518
0.9967062957106086,-0.7552897336291744
-0.07191306273674836,-0.5843766436676381
-0.6128109587291284,0.2219149556699626
-0.790507725130109,-1.1250224381198208
0.06484087332557695,-0.4729925727141436
0.9246337788558453,0.4558574372003777
-0.648356488101747,0.70126566405391
-0.5620456852598672,-1.0850080341640878
-0.8545621685594995,0.6973135827994092
-0.5704322137048429,-0.8063500419541348
0.29500271130265826,0.8114392694110945
0.5357856630205731,0.7190052604758773
0.11066602194060673,0.49761873710353066
0.9039775645076147,-0.5607998112133958
0.009248216629281996,0.014748067393990332
1.1500007884422436,0.789438714049593
1.0173820546737231,-0.6205441696126812
-0.39164055550024257,-0.16135954123920343
-0.5088315221182169,0.016923286525804253
0.494439309688957,0.39475370957738815
0.1367963603916326,0.787930635379823
0.43337677342057823,-0.5132923939907826
-0.6107486476105135,-0.7590827237434523
0.41031814058369626,-0.06595134577310559
-0.8177805078563884,0.9753925266982371
-0.3234135689009359,-1.0152675397939412
0.40484338616428306,-0.9985190100108032
0.3559920053291288,0.32041046963107594
0.5216040058787749,-0.8118754453754377
-1.1049843951021157,-0.2538623499129068
0.6499594013013162,0.2474517154456458
-0.3346304899404542,-0.9805796813940285
1.2987535278110847,-0.40957934205026175
-0.23114596995537068,0.46870578423351633
0.6460778676990103,-0.5240077083256116
0.17973067007138266,-0.9865987426906414
0.04429377619331004,0.7554222134406364
-0.09271168550401,-0.06533731823304076
0.40009527150622515,1.0613684342220937
-0.38414829202302536,0.18509252533494175
0.31698003016309834,1.0669593628119547
0.3401330127035667,-0.2778204146075263
-0.5521063237731715,0.08889710509108485
0.04003780459524396,-0.19037672247243217
0.46445747530905057,-0.6371606053622145
-0.051915344841876744,-0.4570426375275719
1.1093750935439775,-0.829375848689978
0.7383152625089741,0.27985115993583976
-0.33977637665517596,-0.40502958805223926
0.1854500628334358,-0.725993967224531
0.2893600444381748,-0.8878839584956263
0.9337926517172075,0.17038595059907038
0.4316433720182368,-0.5125324320440785
-0.9225578733837537,0.6613329522903931
-0.4824384887611525,1.128243181760153
1.1058091939144346,-0.06466316215517696
0.45672840068634346,-0.564183891436842
-0.306702515640408,-0.24318579549010474
0.4960574113367536,0.30386545295373407
0.3328750212160585,1.1298382937119034
0.8056707325990947,0.8188063878186789
-0.5203925818774394,0.8030503020102815
0.07589930483430468,-1.242395151855045
1.0517167311606501,0.677578305282992
1.1998167980583758,-0.29296068806145736
-0.5902798358436055,0.6855994839245413
0.4712254095262074,0.14970200033984793
-1.2703041332389682,0.010129542402692872
0.3186655125476488,0.4434837492199724
-1.0671547725452188,0.5980917836497387
-0.3932455452249774,-0.17381227231921764
0.10560668402170316,0.533094504637969
1.305333208170614,-0.22974584513424015
0.7467674245229717,-0.6571678100517999
-1.1410414652301317,0.4568331916395736
0.9525444891481248,-0.10749785233852548
-0.10278288795863758,-0.40291622733580246
0.776592338385049,0.06850532201402972
-1.2654244831523365,0.482764743538845
-0.9355267518540532,-0.03705523178214276
0.005381207563300789,-0.16678946432108882
-0.6527681997262602,-0.6052369398036171
-1.0551935081132942,0.5543116777713242
0.04059412384663212,0.631908469101154
-0.9628646134687121,-0.7414121162616003
-0.8581318869808793,0.39520715604371565
0.050498201886246576,-0.09473888604567172
0.9047954637873857,-0.5317228916549532
0.6166589396163121,0.30597958613373266
-0.1458928131284229,-0.10846659409896041
0.08366830453335192,-0.056824414489217004
0.30000964342412695,-0.8550892034932899
0.13187739423096775,-0.905731781806497
0.43145117346855466,0.6787517454605998
0.37152626618035084,-0.4683094704670675
-0.26659328369090607,0.13067322858020525
-0.8393794317820978,-0.605155883183965
0.20973086208676228,0.3606969755241528
0.5090980980793783,0.6706496176235791
0.662737620411443,-0.8925023459734408
0.7441778344148996,0.06804343767720697
0.49791767341710197,-0.26089498430289115
-0.9241722123967951,0.8007090194308707
1.0716982515243334,-0.03396065674509312
0.8464868981237647,0.7172581815515101
0.40285084367599644,-0.2264098165019309
0.4206377563210941,-0.5863334650509846
-0.0922137111926382,1.177085487615427
0.491198689937498,-1.1155762129629003
-0.6163281390827924,0.26854420029497933
-0.34991893875339686,-0.3648298220698282
0.3288225528321201,-0.4489015832418978
0.8037333758936394,-0.35153397894280364
0.2800799535147101,0.7038553352441772
-0.30608317320990563,0.912599015209441
0.5025356383816707,0.06595730570333644
0.7238874978428356,-0.38304982327218773
-0.6816386497408384,0.32929542061388867
-0.5124425671304346,-0.8860608189739088
0.18477516341593578,1.3882614621492777
0.6690023905161243,0.3413947664610309
0.40113519871508385,-0.18200220014565782
0.6208856337738596,-0.017006676451229677
-0.6727631505861909,-0.6676503621683095
-0.30753665343978576,-0.38409454337635207
-0.3166874567352707,0.10910170344120193
-1.2319972866986433,0.2878855901494833
-0.5125619423142721,0.202818422375957
-0.8506709468873572,0.10709634341487234
0.45213944607919804,0.23437919523990228
0.4374597960723048,0.026407013657044526
0.7065518889809403,-0.7444700477204022
0.5348303355027557,0.5256170207535954
0.6776875259518089,0.9087398077124241
0.8912347079795414,-1.0487172051291702
0.6124826981211625,-0.6305858961869393
0.6877328768011544,0.4876465986680572
-1.2807562000425137,0.5645534460680779
-0.3775724750095252,0.9290371122213748
0.30595862992812645,0.8414096555606514
0.5223237890044652,0.6117211591377241
-0.04505053064118326,0.10518824465023671
-0.7147978869287669,-0.8987418417007487
-0.19425073445454072,0.6595998876776854
-0.27511410361089494,0.7049264870820048
-0.5487386848498038,-0.9877376497100424
-0.3096373587764583,-0.21009943423401983
-0.7020585707134004,0.9315332741618686
0.38682051492925573,1.0370509765275993
0.3950525144596531,-1.2366371140101315
0.5201118341166524,0.4216666949900821
0.5033129131297817,0.2229375522370419
0.6975938962029048,0.9205932956239254
0.05746628453383497,-0.7028569046818761
-0.40041109056470586,1.345017349977705
0.6328745168053912,-0.5331046464117435
-0.3728425659699259,1.3325171679476195
-0.5273362732840089,-0.23946653009847058
-0.536250409776545,0.11444803509215232
-0.19400807542113235,0.8261521287696761
0.42813468887450784,0.09384689186459269
1.0681169233952252,0.4513191972722049
0.611507600154138,-0.4443304591648165
0.4121671599865296,-0.5529800749932537
-0.07122744187436232,0.6090470037616584
0.7702240144829922,0.8931007497558485
0.5776169747144858,-1.0823495238304452
0.05255089563090142,0.7709226606981161
0.40299430826689736,0.3393980630299888
0.2354875451349927,0.35039778125813076
-0.7533459300382435,-0.5792450251111071
-0.9194285993162268,-0.9870532612506645
1.0641233807397679,0.6134756668092006
-0.8336821965380058,-0.35165674151362813
0.42524569330744477,-0.5943379251897227
-0.7097990933569469,-0.5379054372331954
-0.09975340121017527,1.2047286039691645
0.9041739268337696,-0.1259686223288596
0.8495811061399555,0.7945447021921965
-0.4852825050334419,-1.0409100488285292
1.0826967233888813,-0.27655694671951137
-0.755906482370118,0.1044023485194822
-0.5845325207328095,-0.44860591404334654
-0.0975809906940652,1.1923481171368944
-0.9945218195959553,-0.010090561595947106
-0.5155426890723677,-0.3367106891662615
-0.4373545692326084,0.7631121688231188
0.21717270019972226,-0.06026000474603082
-1.059533264996716,-0.02340576654889619
-1.0077523813472877,-0.058779421549494594
-0.19911820124917826,-1.2955388269755959
0.8388129541469732,0.20769055996250393
0.3989526209253594,-0.03032854618077272
-0.09652298014058296,-0.29282160851360456
0.5762349416987528,-0.2625138365411597
-0.7026589424069585,0.030142053616465648
-0.09036077741576681,-0.7130371274844067
-0.9689082025048872,-0.2978013321759675
0.185980679233471,-0.12430964044530793
-0.48395839677540187,-0.41136075283543466
-0.2785682096214018,0.5246879973267946
0.43040650182698326,-0.12106577306698083
0.6763092168096546,1.195808659682286
-1.0535039782976472,0.4056667467593626
0.40735209361473457,-0.8927571584839744
-0.30173008724777,0.646130757374749
-0.9272872151039335,0.7770876561197042
-0.05315785846480842,0.7275885340424822
0.2263293888592941,-0.07464814986583791
-1.0331223784719645,-0.2032457087605244
0.4121631424826463,0.9531025519833941
0.23388092576005143,-0.8779846643883378
0.28832512794112924,-0.32463155177975045
-0.14733689155560462,0.1266718800555641
-0.21974055505388354,-0.9017754929339283
-0.6310786235517057,-0.2809036813517635
0.021552376534202777,0.8929774994976962
-0.08300758701591726,-0.4837911044475884
-0.957491494967367,-0.12072293560957548
-0.47213351968514444,1.0362176435122488
-0.19142543237025977,-0.07534169195983552
-0.2849692041039302,-0.3348390444193205
0.4662339299285902,0.6646167783281307
-0.37767816771811386,0.7314051208808499
-0.9101429782602336,0.24597775107088798
-0.06712756352312507,-0.1765680153193395
0.5669723747111612,-0.016175201990481877
-0.6463287399514004,-0.5131765165432275
-0.7730806359697439,0.2289671126444236
0.8265520733505415,-0.5473087800016149
-0.41794160528282714,-0.6899803774060693
-0.6832233145812501,0.4322920800266465
-0.9588477850318271,0.33705345319657
-0.20288836261541113,-0.4693035982662696
0.5906922501399453,0.7560390045818023
0.6872707330468638,-0.11320324595721547
0.2497334517509053,1.1010598169569408
1.2735573943920768,-0.6127251015611563
-0.7062855565523727,-0.64125254081797
-0.2670852297327128,0.281189226774245
-0.5329759430884453,-1.099072524091573
0.10339826197397081,0.3499550981454797
0.825914158351765,0.5922512191778195
-0.6153406148683871,-0.8044039463971334
0.8133775041293029,0.07251289681316603
-0.8152898286258361,-0.7291891609389349
0.2976546017820704,-0.25554396409374114
-0.9225023883814014,-0.802826757435677
0.03424476846053003,0.4285647413084991
-0.5255492538829094,0.2298477218103535
-0.6325853633126048,-1.1726613255776397
-0.5388277526992885,-0.8601275694924443
0.15449287167272532,0.4011141591002336
-1.1425633986080672,0.1495511600474839
-0.26851814682798625,-0.33094693332454866
-0.016385615174531878,-0.7167357019003374
0.6171890334227182,-0.17087344616940556
-0.5263175105717369,0.896343819731296
-0.044466926062988216,-0.273398732013172
0.6213037027061924,-0.658284816238031
0.006927872094547213,0.44955291942840314
0.8306976888367915,0.5430322614306292
-0.8059216620468397,0.0940608668992972
0.508785233327047,0.3849137198841133
0.7628119489881753,0.49013986729750986
-0.3081842879885968,-0.6249519323065595
-0.16025077671170446,-0.9070785848938141
-0.4935283546954875,-0.5286138161368239
-1.123360446369858,-0.7708965294914332
-0.5986336213185718,-0.29275973663802674
-0.5570453854049777,0.7354177706524255
0.5451410787721856,0.6354944003583038
0.5576701767896826,0.6805663699339342
0.8350261815223958,0.7374743648536488
0.6451484933345955,0.4395345363280101
0.11762726832301527,1.2445070166560148
0.16946549395749685,0.6700038893755869
-0.864578963271695,0.815100553285806
0.33261839925095676,0.7390858746188078
0.576002604058374,0.008267618807463396
0.5636907065989716,-0.28873999369484726
0.9878636799325181,-0.6481707573052516
-1.3970509655843424,-0.13842352775025166
-0.5373583307997817,-1.0530090063125186
-0.2863357962898256,-1.2073270060936103
-0.6849862992255205,0.23496926946271401
1.0597950923226143,-0.11908795949731717
0.9711147859467574,-0.7621761397485931
0.1826653021118833,-0.229341447091106
0.47122997599311145,0.2242649409018774
-0.8457553736820834,-0.3722457303082393
-0.45696835573387423,0.06637283937207787
0.001617501361021085,-0.5601816406684724
0.3785042533134402,0.4919907143258755
-0.6037908200271583,-1.1265578618088854
-0.2727827595724867,-0.005826574924519106
0.3851000297527904,0.3533661944845865
0.6393422341271986,-0.04223936701611887
0.11532666696913008,0.5130089194809382
0.017430633315524795,0.4756154604785959
0.2472579604096165,1.3113074695375533
0.48675607559287043,0.20875210674169026
0.6592119999367919,0.8790440032936834
-0.44642689522847295,-0.18824019455080246
0.8868744054164492,0.7644712182228406
-0.05492416238151669,-0.797563895366707
-0.09770281904086711,0.3093791624072875
-1.0088182784979252,-0.8667482889001208
0.8964346482896861,0.5061024933613757
-1.3357736476935504,-0.3354977293423158
1.078276714152396,0.30705906316162546
-0.6568954638310527,0.3058825762825363
0.48151226409760806,0.5581781992228376
1.0534740588281761,-0.35423521986021306
0.416116897073799,0.01720982471638808
0.36778636462712133,-0.09923411773404146
-0.7063561731087743,1.1128726712538857
0.32596648862518485,-0.5679036825714904
-0.48662135951148167,-0.30289064995816084
-0.21497778985764873,1.0356066816663192
-1.3930541686470257,-0.14521771130470879
0.3126238521538,-0.6469092629135017
0.10596986756080341,-0.18405112715327313
-1.0319109431032563,-0.1976044592198683
-0.48380366608844644,-0.5831730469542032
-0.9773102941381061,-0.6041161676790112
0.6859339812163666,-0.3623967397105073
0.4595369699554787,0.3636423982166775
0.7603822713159167,-0.5412992440137915
0.4020212814620051,0.12224527986795802
1.357223359453328,0.11291617142053564
-0.7013330857186546,0.8322269147041117
-0.427401411009474,0.3875311409253539
0.7896806705976256,-0.3673231611477062
-0.6583854191738054,-0.3192554125145335
-0.27750427719748444,0.7187886517451612
-0.3565730232890005,-0.35159972488254543
-0.2248505725069453,-1.077194372036062
-0.4338989007401487,-0.6081978455858742
-0.25026294734883336,0.39827394040964137
-0.8183960374596316,0.0009907668904828757
-0.49439866863855053,0.4937608731272974
0.09700068185438324,-0.6487457691541919
-0.6128278006819853,0.28023434435814054
0.36223963337305515,0.6999741278025515
0.8299809583393534,-0.531624254003063
0.1197125389597048,0.8847276409907096
0.5153940324195294,0.7667357243812485
-0.005393519289683659,1.0517340694798942
0.46564227710406947,-0.14383602731563921
-0.541391808467198,-0.38209600804054383
-0.6647012484811442,-0.193851427882841
-0.21226257166690635,-0.2740950209336885
0.5029419093078064,0.6430374956762963
-0.15779083822325704,0.5376901059649546
0.7715200295289961,-0.13018131980323167
-0.47798252319307977,0.23552769070837512
-0.5427806348842522,0.9936793721426275
-0.1813749610557788,0.3621581384825314
-0.31936841401450416,-0.36245151089146616
-0.15732032584992664,-0.5085383836989783
-0.07735940708818079,-1.1740726576416505
1.0107105770380815,0.6997517372458524
-0.3373707694117959,-0.6961000552135247
1.129516865901775,-0.7993693319905216
0.38901790079072146,0.5500775525791182
0.842053667437128,-0.3651955293867973
-0.9353361522950169,0.1879189347805154
0.282508856421648,0.5507978542877309
0.3324599089437263,0.6978109425638928
0.1664863824826695,0.6186056766764829
-0.02661626243925515,-0.49291313136922094
0.2260070588298738,-1.1512385242079561
-0.18379693901065827,-0.43504785280375896
0.601107575331817,-0.6469442373090195
0.12915370733937,-1.2033803367320346
-0.35210096615631953,1.1643771129980738
-0.7083757853555882,-0.3601310099757498
-0.8701647956818953,0.2197311291589435
0.5011365666058282,0.24176691460534191
0.2631513527358132,0.9258372772834772
-0.9807952002244708,-0.2423400302344661
1.1153835911013872,-0.348327609275203
1.1224401848484735,0.6766062226541191
0.313118548383101,0.5922876502386495
0.8886788429767086,0.09660440538225727
1.0731978888170681,-0.08871295516311807
0.6924375790379379,0.09349981248056645
-0.4686162974495346,0.5431705781964912
1.0078278152922597,0.1934409566193059
0.5070136305965771,-1.0737669630304494
0.576275604860654,0.07762735381511048
0.8363533511900388,0.6931385256729193
0.7069866603264711,0.34468095310047103
-0.5051511006664293,-0.1128133798304481
-0.6936648854333861,1.0747357810720473
-0.40619272004825785,-0.97598966848353
-0.4267197391484354,-0.4317631122001492
0.3892485234612681,0.6547509055233092
0.17208976593528008,-0.6250647472331182
-0.027256728910575758,-0.5872799434377923
0.06746819444743113,0.999279577313595
-0.7137980165099512,0.9153585596134186
-0.0054656403521726816,0.05485580212813366
-0.5637541122727686,0.5747783763957603
0.19988974791580266,-0.9596413439462309
0.06718428661367538,-0.6031498629390091
0.48469220872800317,0.25387770867807413
0.7417433643381977,-0.3893866624857535
-0.2065509881342553,0.6197438103812051
-0.523187126530988,0.4640526950041475
0.049294763318321305,-0.6533256254350127
-1.0913253659953819,0.57025461794063
0.5927997516899169,-1.0676119122078784
0.37750412831748914,-0.2942179859365357
-0.6044437789822836,0.3662370021327368
0.336896706759965,1.0026988079375296
0.11268960499736715,0.7629029965498866
1.0365517699568838,-0.13295968539642647
-0.3185812033412471,0.2969110412486045
-0.6876134961653035,-0.2769316151424185
0.4275100210412501,0.3854655622801043
0.552580390846955,-0.6767750645952243
0.5039702337313268,0.5281228926239481
-0.03484770948459582,-0.37469268552477925
-0.4073859732241865,-0.9330264494659266
-0.2500710091235126,-0.9111020915533146
0.3220402126992594,0.42586589002264386
0.03921016925927411,-0.8737809194519994
0.1977171200217308,0.7553475601184669
0.575539933037599,-0.7392154628200047
-0.1668965751123702,1.197771691973721
0.3378640763741244,1.2255807047934815
-0.46858205844702333,-0.48726362684403574
0.07997872762037507,0.263159241794
0.04695416138430708,-0.05245401034072453
-0.2820593173276242,-0.5370389015780568
0.27050746712614315,0.3965344994234563
0.18771004967933577,-0.05800582366276108
-0.6136696907974745,-0.012494313917843988
0.4917432084118577,0.2236208047762934
0.11819098910023634,1.27391063554101
-0.15433601072607234,-1.0064233930278776
0.4972227841702413,-0.27437559435453057
0.547066770313657,0.09779987060121098
-0.5719409333231968,0.24246284891913242
-1.1044370492076685,0.1442568862666564
-1.2329393167205198,0.05525909173272586
-0.0442835610425175,-1.1228994793803884
-0.15806361759782445,-1.1046337792743066
