0.3729103057157464,-0.666726621017103
0.7924722782976686,-0.7140005086326924
0.4342189405705465,0.03682480136969606
-0.4957289723593717,0.5379596116184779
0.9604999316660086,-0.6816962262180508
-0.9132556871325426,-0.4900575420011534
0.6574976808106923,0.44625329561907073
0.07122520143199272,0.4882730811639479
0.02361625839173579,-0.5450705089814816
-1.2050690564124695,-0.23073200820265616
-0.7193279935578446,0.031448314297252394
0.7165220704907267,0.45084200443539685
-1.0023660306814033,-0.18105660281806385
0.8247451410318516,-0.5922729778338084
0.9868400319309973,-0.45920660669668356
-0.4810551810028148,-0.39473994544490154
-0.2807517519855041,-0.969248986236712
0.3937798751220947,0.45747801683642514
0.885459441429489,-0.29797069803459336
0.22754372627958158,-0.7596657302667417
-0.31159639384866195,-0.1066110170809749
0.48870467453054245,-0.33360202337396055
0.8881230445535594,0.2216215041927986
0.29973193717937996,-1.0840558172909665
0.40496526362427426,0.10275961912008073
0.19097339577799105,-0.170676767158678
-0.7247829327352366,-0.532386954982099
-0.5996253012110189,-0.46192646031762097
0.9715039127255101,0.7722197426304488
-0.8326495152997723,-0.2904362135604568
-0.03757318018641147,0.2832802631020101
0.25917821626285437,0.7013893362395724
0.046986552519773885,1.0026739286480533
-0.0014774750118948991,0.47620385011455063
0.9529999648463017,0.1109104645444074
-0.022650611044124025,0.7725058064652747
0.7600401415558057,0.5319213139639599
1.2288694448435613,0.062112569001403585
0.17283912184659836,-0.18662971982957952
0.8862039520574734,0.1304182367724361
1.2372658585437732,-0.022364046368365836
0.6716632178724544,-0.38737576257209116
-1.2068911957407877,0.7131119150663238
0.9851886724653872,-0.1931566386539419
-0.743048510205938,0.1462024749057366
0.7629736954452995,0.6826684124603323
-0.5821121000770645,0.21791793320110045
0.8967082030708058,-0.011778168576545959
-1.2666660312684457,0.4274910285391217
0.925656718729745,0.15823267593061477
-0.21157806937254253,-0.9920958507083116
-0.9281295375587686,-0.5943267711671065
0.593346749721925,-0.44456896234106713
0.21374720802489386,-0.6062738937547502
-0.4925978243590028,-0.7920207140237085
-0.2744779259978545,0.8445215936607264
-0.8395307481350548,-0.8767375402485224
-0.4231218374227867,-0.1280961628662536
0.12898605772201294,0.4367381437806629
-0.22982609386809502,0.9284551750280794
0.1552160597028539,-0.3768259527964328
-0.5692769715441651,-0.5783558285977756
-0.2486772697991783,-0.7404562482671243
0.3624507435938978,-0.6361701609456131
-0.9415898398242968,-0.8034063120638428
0.26166512118952007,-0.3741251442674113
0.5769273489513345,1.038315005688478
0.060129266011530694,0.3907610054068066
0.25325378317792957,0.14779652100417612
-0.14364654899705998,0.6560213697904674
-1.1072769747047209,-0.5405760608781114
-0.5852452512077949,-0.3474912155336041
1.0041632398862461,0.7566699910461573
-0.5660593665680528,-1.0475461185031265
0.5186782515516029,-0.6366743198929067
-0.37839422803935735,-0.311346347569311
0.11349694891854345,1.1381535816293011
0.6181068788820645,-0.5474957144049496
0.04602880930946932,0.5672275975142652
0.09532831604116496,0.8218054118310593
0.6476655996329449,-0.8539373469900602
-1.15794156675213,-0.6170633515114556
-0.2681915745891027,0.8180183070218477
0.4228974044556554,-0.23404120396550152
0.4334007102066418,0.24399480638966622
-1.0330960107160685,0.551671566822917
-0.6443843742129841,-0.43843184064707547
1.1678352649894173,-0.3329033217015614
-1.0795718180694296,0.5106164622220755
-0.3719692786787413,1.0070560771179828
-0.4297049277278738,0.8852209238037285
0.7121389916756249,-0.3784188452784353
0.39670572880985855,0.19370012977227521
-0.3212279821915362,0.8383117934192137
-0.6477709480456221,-0.9833316937947681
1.014278776180788,-0.44053337104442336
-0.7054991330350645,0.7658719765342057
0.9488689775365517,0.8450911950522997
-1.0866440526352796,-0.5863917648793504
-0.519144908974499,0.029396517222320884
0.4680134396376425,-1.2818286198036462
0.19439311669367862,0.09345464078900241
-0.42722130461484203,1.0786361058523086
0.48518478503312457,-0.3778489381581411
0.622801586991388,-1.0734323435298931
-0.15287450653888848,0.620140501055806
-0.34523061636644603,0.7843670412358369
0.6928464629966469,1.123162356696866
0.15891768798213118,-0.635539459733371
-0.22215247496824167,0.2913752716685283
-0.8924324834188896,-0.502396188735646
-0.1800493813097126,-0.23911866728202832
-0.24759804117937814,-0.3806657548501477
-0.8656937769907601,-0.35615037425641305
0.03805700162231843,-0.8579366536507189
-0.4232586692740008,1.1625757766049136
0.006716637445470992,0.8558425446270013
0.32304372404202597,0.4448756082810463
1.0243538078036432,0.516631631382338
0.2562606084504097,-1.1457733434784978
-0.534491519611941,-0.6080400079270021
0.8627599095284494,0.8294936189260997
-0.17951250439557714,0.006156240410067544
1.115681849179969,-0.32510835116574816
0.37299510326941415,0.4035363056828208
0.593447498389459,1.0798555134505288
0.06015608198171048,-0.5234436707794637
-0.21570664289590305,0.32427123349214493
0.34196200081571243,0.2787307922360319
-0.9640624074074107,-0.474505807930732
-0.905688361425041,-0.17211043401081372
-0.7177391901453294,-1.1012816019315919
-0.3432807584474282,0.7875267814434446
-0.7264507837219202,0.608164376307243
0.46598974992413567,0.6753172246549777
-0.5244373439506566,0.011031321237982816
-0.8517460095322045,-0.4561261588607849
0.9655294960947841,-0.46643905144996634
0.2060843592674988,-0.2434661654907579
-1.1565028076065427,-0.16464143890458172
-0.32503757889234847,1.1150760365882668
0.553498028725479,-0.39078665753709346
-0.8203661595760835,0.18190342597146447
0.9179321688961607,-0.25571190229781376
0.0021419788446345486,-0.6760102434913048
1.0121793868835307,0.7056285831670664
-0.7930727975409851,-0.04324153180579219
0.7448997917550324,-0.6923488369292308
-0.7649248176932784,0.4661111739690696
-0.20944236278463113,0.5720506447383478
-0.8682836812712118,1.0475827504596906
-0.7243968285719034,0.35690617415426285
-0.0963109877018139,-0.8770221279710209
-0.30544605613576054,-0.47214637451707825
-0.6015821743220087,0.14568692024079782
1.1666571543591777,0.29323806658309254
-0.19705276303842822,1.247140070242002
-0.8574158664335606,0.23951796654300828
-0.47251397918916904,-0.4205594571032346
0.34739997684610135,0.3347109535759228
-0.010536098919691825,0.753450128986406
-0.5294321350861197,0.11973287151077489
0.03843616675653232,0.03752059084371465
0.9177398594961805,-0.51630482794208
-0.9830255630464313,0.7481741056955249
0.0520028163211345,-0.7966346077302787
1.1068490968896172,0.7573697248382303
0.2034141356119658,-0.3380122355115397
0.9408633536511546,-0.9792631256063024
-0.29551406498233923,0.13036386584650908
-0.08528343239914059,-0.7469350172738926
0.49505004592407253,0.29543085374875566
-0.00761039381426239,-0.2486349304843045
1.343964360504916,0.05196955548351513
0.25654975781546996,-0.5026282891077511
0.35823901991386287,-0.048907155165926246
-0.2459031479878829,0.24221671067176834
-0.19984627248783743,0.2657715288897346
-0.007689016916689851,0.09618112511065996
0.7958300487425795,-0.8176763127857191
-0.06711260606457788,-0.5055197838226041
0.4931769513825584,0.13318252057045946
0.8322697810807637,0.1631136103954929
-0.8034223947696415,0.5359618267254559
-0.07155780037541061,0.2430598352124708
0.38696859032592523,-0.7025053382135973
-0.9337196536379699,-0.3472476828176326
0.5639084359620122,-0.28711577122499454
0.4966516216216554,-0.5107345939567548
-1.0892117429000394,0.6722300498842044
-0.20422320291777582,-0.978208088667702
0.3366374934598057,-0.22375395093005712
0.024532881164167485,-0.34457308187416186
1.0281011082815101,-0.4702591979364624
-0.5130272859170465,-0.7403235226902448
-0.25861044329041705,-0.27734801226058275
0.280597986711124,-0.3949985414173309
0.3177517497231534,-1.1436242027070498
-0.6653246221056878,0.3674458587128023
0.38325729059324365,0.34432487273154305
-0.2124868620358927,-0.21381187629007645
0.3017988390409154,-0.5257293289964192
0.8696056204291549,-0.7455452086991818
0.9132868795616318,-0.3893455043924803
-1.0309895174588002,0.20987059312308895
0.615469040233591,-0.671075900572727
0.6672823944575211,0.656810018020158
0.08440964944585579,-0.5949931533088482
-0.8748741243793625,0.06791304375346985
-0.8126171373587474,0.20100646847127104
-0.6701460843654844,-0.7238316001953415
0.49960207497980175,-0.8320203364870086
0.6218355635573941,1.0765847595472646
-0.20290518712513209,0.23569529690263585
0.5333693803355569,0.05678290963692294
0.25143956621394026,-0.8180697703761878
-0.31562656229343117,-0.2735874643611713
0.5401713089419375,-0.017037089966782253
-0.8735171221683841,-0.4294353214982722
0.29217013143640164,0.40325579668493444
-0.615051151964693,0.6741946475431156
0.5626466100311273,-0.31096792178548727
0.9272149244228938,0.15514370873196212
0.434641224853971,-0.762885652848766
0.06845202599554934,-0.6875640852592001
0.07901917615121887,-0.7398766120042342
0.04208058388353398,-0.8314809077436585
0.30159097048679206,-0.810016484032318
-0.43286444596539686,-0.33160866517934634
0.3036328156679954,0.0820848972669018
-0.5605083225100952,0.8728906417400393
-0.5173429136605535,0.2507231361010352
0.8136675302423604,0.07922903037578442
-0.5013578110993643,0.7579629607178947
-0.3058495320425823,0.4544387022225039
1.0820952864151554,0.2528580523204477
-1.0810547714144625,0.05117924582512028
-0.16945971005993032,0.2820773529394105
-1.0188399239064045,-0.4027735754418551
-0.364262250299746,1.0482666165781758
0.041021126433137906,-0.8805862228841292
-0.8039474288322177,0.27293471214847453
-0.09954878958786684,0.6347547668655674
-0.15126821693299045,-1.0494074872332537
0.4850761220856106,-0.41202741021135647
-0.17304907339069844,-0.49101800783384925
-0.7396673324404685,-0.24061239138975188
1.0477998373902946,0.17905886003785615
0.2916176747004339,-0.2699532455655797
-0.15135048795634312,-0.7070126052281329
0.30698151735924567,-0.9918351648724532
-0.3303685394207902,0.16250693343350434
-0.1490739968046766,0.9441044253187978
0.4994960947735575,0.47280186858355355
0.7149126346690704,0.29230509192054577
0.3922590509246391,-0.21440091061086336
-0.19379855911350602,-0.3384862220505975
0.931159154050372,0.07952727781499179
-0.06165330387812621,0.18399224422861726
0.30558872944371035,-1.0620686183002364
-0.36966539672781473,0.6252537421916458
0.7374492403160544,0.9359396830165744
0.6346343701844597,0.5505967661968573
0.7881628126180212,-0.8842105958412917
-0.402722600507851,-0.04190804905390973
0.8853188069462922,-0.360566758860977
0.08943320487147341,0.5410289047657709
0.006610847645870028,-0.8710478113525584
-0.13705303041236291,-1.3352659884794849
0.4465320878980802,0.9978702896883719
-1.1793979605112093,0.044269960452854626
-0.9191953003685431,1.0222931967033746
0.8713352937751099,-0.682653261357155
0.2746109563824243,-0.1315753834821315
-1.2349169732539016,0.3272163166943595
-0.04463615954752957,0.3139780147624647
1.0865933545686612,-0.39879001829612815
0.9946786374743046,0.9173783063170142
0.6963018571568624,-0.32744059846311646
-0.3396964583253034,-0.5531815606796989
0.39718418107850517,0.5523528136394583
-0.2564071902078843,-0.6744648562304264
0.6888653354906004,-0.9412115143586509
0.5794497794136945,-0.6037262058997761
1.1730711822774333,0.7409005673712661
-0.28422547333408393,0.3504723354349272
-0.4599795729749749,-1.1399322161132464
-0.6197641652309095,1.1753887838435717
0.7109304642994511,-0.8547952152340644
-0.1645258994412329,-0.9438705143706545
0.22177424480410945,-1.3265967976066264
0.7201610113069888,-0.9867821532043859
-0.6081794038309245,0.6188809983845251
-0.8213164095850727,0.444594566615093
-0.4196850285454891,0.03826873063930149
-0.7495755003911277,-0.17862920740568622
0.04332449857948058,-0.8989304259998674
0.8136880352792702,-0.1415059689227962
0.80611849252247,-0.8888132278365137
-0.6895654355029551,-0.005445658742853185
-0.595298251581338,0.4115608255315797
-0.33006490346764117,0.915345993101694
-1.2923446114660853,-0.49654504167402375
-0.8861846795095587,0.6895691421783304
0.6879240841732782,-0.8636516048164496
0.44696333731993165,-0.870828090261936
-0.6451574115703786,-0.4148922151194377
-0.6407836180046831,0.8118778412709591
0.6033926917245216,-0.9402712515615496
0.4195556896374963,0.3212316823423623
-0.2708289332425292,-0.13911936540144218
-0.5980020382512572,0.32876261784182736
-0.8701199670799795,0.04519091501631817
-0.6971605965951174,0.6394719567902873
-1.1364510039480866,-0.38258633912486056
-0.03647195490205117,0.36918706650728067
0.42776086472413616,0.9710801825857353
0.36475455498896164,0.04482328047385793
0.2724035271011098,-0.42863157302041843
0.1154919575925342,-0.9799831680389502
0.2868831730240017,-0.8481313094233293
-0.11094473657411517,0.0948141488091264
0.4058508656567417,0.47564584756609735
0.06980346863382643,0.2087845874572591
0.6558201012650317,0.04965876881255351
-0.25538032375485636,-0.4227656132237794
-0.28691491071885983,0.5504115975713817
-0.5445805902964319,0.9093647314254337
-0.019895614954391454,-0.30048201164483734
0.24876684356678738,-0.2396116582184086
0.25374828674310324,-0.37568500953184075
-0.688155261630422,-0.321540149449008
-0.34837599023360455,-1.2378472940922574
0.941452825912884,-0.8612040392486014
-0.9102519432786099,0.6672550491605873
-0.027968178659569617,0.09137594388189774
-0.40899970315596346,-0.09580859596879589
-0.953091331818876,0.7430676136807198
-0.05626141905757573,-0.29954113585487135
0.009982133992569121,-0.5291841531517811
0.3035414072695204,0.004990149188218323
0.2245983236235431,0.7480931920372484
0.907710010395923,0.38761449590551517
0.1341800040228856,0.9997110957143501
0.6188808215028483,-0.7608607623642081
-0.04542677037622074,-0.5934258509639109
0.47149283201956577,0.4044950952218091
-0.8403606008301021,-0.8640934693882139
-0.21763213482728092,0.29493010233008793
-0.10008911971622449,0.20118866711969274
0.5652017880490044,-0.7686850721295551
-0.9709809694827225,0.1511557567185823
1.0854487889697833,0.5950487096904072
1.1661100112316816,0.3680447068558707
0.1731597648841715,1.0952413421056966
-0.9248032679906388,0.7931906227032187
-0.8645052044383498,-0.24793108482892268
0.12449446641355973,-0.569950778814606
-1.2313642831319023,0.1382293927051279
-0.03566703313277136,1.0820967492604296
0.0864072353788914,0.7320577761966919
-0.8223495361536393,0.0744326801486919
-0.8736086729996512,-0.288828637108161
0.23529199585420446,0.5107087597377874
-0.5586573479360044,0.12650969475129475
-0.5742761847864812,0.12038873987870345
0.40075894624675196,-0.5351131412882767
0.36414395924933624,-0.36335556389726403
-0.739260524901823,-0.4668212955152992
-0.21787574029928522,0.10848497241766503
-1.208278540119378,0.7043778548181313
-0.7448542120178417,-0.9939957195416099
0.012671181203099385,-1.2934638971067307
-0.647004476140635,-0.5671279376313219
0.5265807380723653,0.5470591360715233
-0.20708296395012826,1.1431069876369047
0.9974615103991635,-0.6116322124525614
-0.9022930271420926,0.4117341223073059
0.5148404126187289,-0.0728620433272052
-0.4805810121883764,0.047812288987600635
1.1957791736700212,-0.02473088715620545
0.5959941952919836,-0.9335162017719918
-1.108497962384833,-0.716030753132009
-1.2370295455288969,-0.3369628504372991
-0.6742418966696765,-0.3389451054367514
-0.5080434493166925,-0.18698478127487608
-0.9663447756773006,0.4211314120884943
0.895695640022345,-0.4411627213357156
-0.29239507452814173,-0.6900164589954078
-0.4267932713892754,-0.9203354753793475
0.20268111861388194,-1.2067457582541328
0.12626195163266343,-0.9020984724760294
0.8755000569828085,0.44318991729692686
0.1707622054782102,0.37285653925654433
-0.48544105314439673,-0.12127123902494236
1.1524665507523255,-0.03370481115965811
0.4841491648151239,-0.5795440457401728
-0.5587270860961676,-0.641208116729498
0.07860610549610833,0.9565187908842749
-0.23879088708194354,-0.6534232358680226
0.6018372910024018,1.1988783446421492
-0.938043940293698,-0.021306291065704634
-0.33846091761274594,-0.28982685753613335
0.3021179758899543,0.05335718364421927
-0.8002576496905796,0.4493679601428147
0.5012135079704026,0.015966735887147063
0.24688025776386802,0.5204874979647588
1.196178609039769,0.3680735290439701
0.011252716026806461,0.5514638914753499
0.32482127938190497,-0.6334984507391072
-0.9980368301343557,0.9279871525619433
0.2783008972061799,0.3704860737251298
-0.8446897720960016,-0.869009367465768
0.9732950778170746,-0.9550086421059119
0.2423178415281774,0.014501379153381178
-0.3136947137664752,-0.07049058904764184
0.15502128274802274,-0.19911433831762854
0.759332441987876,0.5238678396125487
-0.002064550822867401,0.38356074915129235
0.7218154164497093,-0.69089008584971
-0.4048584953171032,0.45193176509641036
0.11909348341222781,1.1352177346063153
0.23931913972314345,-0.2081537394119727
-0.14240661066463284,-1.0063583195323775
0.9179730040905523,-0.3637691336921848
-0.8542621164810661,0.9260119135426156
0.8157191784348689,0.1655303663359653
-0.47876099603264377,0.456620897275053
0.8935009844702464,0.141000903174241
0.4794250652514813,0.4202236058264308
0.5514192326222682,0.09618998317556823
0.4369190360641288,0.33772342117552806
-0.19121800080660795,-0.4778619684606911
0.47258368378490695,-1.1290661783376896
0.07413040607696592,0.48960755279956847
0.4560464506787642,-0.38433509769032065
0.18562830098222033,0.7266012589041794
0.64475951559302,-0.8532132552885349
0.15955081515312217,1.2732812980112589
0.44363244558289755,1.0607353471678087
0.9052806777185605,-0.8650240158656788
-0.9409170272217027,-0.20986006577945898
-0.7196145492988456,0.7608021409163138
0.9000938884865721,0.9261760941059276
-0.3292503925607461,-1.0027972580884463
-0.7414922889202679,-0.4102745464480246
1.2228583214692392,-0.6001279071260656
0.5701187852952772,0.16380213137211524
-0.2378966771552001,-0.727502540562693
-0.6576569133079063,-0.19632509341972035
-0.6700997172162346,1.2046125680243744
0.4966401596129088,0.5053397974609279
1.0426155376366655,0.5611439159769909
0.4409410902938389,0.5658392832752227
-0.5870022261067296,0.09373235756934363
-0.8645930701482512,0.344059931084942
1.0859138648602837,0.3578651891718416
0.1488027764785975,0.6123930839527679
-0.14078725637280218,0.8028708082386514
0.34499941032673137,1.2460230830071168
-0.8982165823123315,0.7548549067953546
1.0982721426795623,0.33105808179594465
-0.3655568447457091,-0.46368736062507276
-0.004966110101253213,-1.1068997024190286
-0.49275638703776614,1.1799995633051494
-0.8946720993735283,-0.006048045051648929
-0.05958713273931509,0.11701458785714836
1.1445223783077707,0.10837260233843932
-0.6379580680990923,-1.0797133892550306
-0.5732811523747046,-0.2403113273458661
-0.8404382625028568,-0.32494507783862236
-0.18044042953872946,-1.3226021819831444
-0.7610829220405554,-0.8122608611401146
1.165060583239346,-0.11797440600398965
0.8293709969160428,0.878128698002074
0.5774449964318025,-0.5473442864303186
0.6426314707036225,0.6180725514154385
0.6788629772382991,-0.4577596447649205
0.2946018678804427,-0.1822226949536458
0.3409057437488707,1.1686325255095016
-0.20661521132899277,0.6823623050878118
0.4345410732323625,0.11353825208952346
-0.09687690736267159,0.14212715213937713
0.12210311705346484,-0.5622350623290073
0.23564007855457553,-0.6388552353006498
-0.9732893916423626,0.7389082666331137
-0.6588876729147911,-0.35309042237739413
-1.3076550769368975,-0.3848391127107046
0.38236691628302527,-0.08476803341579865
-0.8072564126613698,-0.8617868401879742
-0.09060153155134527,0.23389338808622578
0.09786952865383423,0.2714915689014609
-0.2759717753512445,0.7864741554817648
-0.10298135461232454,0.621997005516083
-0.22376109844475825,0.866196800527745
-0.30593666231747235,0.038221420819508585
0.3939477682968372,0.5275898333817641
0.02971249432937424,0.21618806956796863
-0.17902893760847532,-0.5569541643133337
-0.37448269390364514,0.6026720608700706
0.09971473414327031,0.805098025245091
0.61604699911735,-0.28750458921853217
0.33270387831917586,-0.08091738047827711
-0.8270040242759976,-0.4273971495912809
0.7879593084691668,-0.2400946544865374
-0.19760420678156132,0.6432325483556934
0.6861530889482199,0.9551301421936098
-1.04384488034633,0.4946134463858913
-0.8172978641078587,0.15050537256146582
-0.17154720244070795,0.17419925885244383
-0.07763640075055736,-0.8987122311346138
0.5424167586139018,0.44756743781474045
1.1568303402922149,-0.24451283375159205
0.18510245400954592,-1.0266151271466268
0.6861152829771167,0.5774962046658483
0.8621274434330586,0.7034032591782311
-0.8600593331013834,-0.09504462111947276
-0.01435080747791201,-0.2403054642194144
1.0572084201521659,-0.5480061105744376
-0.5748381995247497,-0.2788132836346786
0.866976448278892,0.5143828046113831
0.2759816722287707,-1.2789580152484594
0.17257741602140284,0.305087866823358
-0.02517240474586656,1.2816612252095603
0.12956406123594416,0.6875141325810158
0.18339098807015655,0.07069583936657496
-0.11154819474624433,0.16040629551309632
0.270690165853869,1.1247560499576872
-0.4789121921159848,0.9120686497307036
1.0595666027300532,0.48120979835447647
0.08495999036348444,0.7091892381664949
0.46670078504505985,0.9783679801327776
-0.8855650325618676,-0.08489162536812325
-0.25389304726468204,0.8232426647677816
0.5473833958055542,-0.4842545415281953
0.10757976048604594,-1.33673393103071
-0.22800525219132642,1.1382331004154074
-0.7190099578501427,-0.8316705999751058
0.073850648876058,-0.9345365617410537
0.3512421116431953,0.26566348034867615
-0.13075401531328082,1.0733754591276257
0.8701433554639851,-0.7424289053275819
1.271897256227091,0.5299460035979209
0.7143058501120146,-0.3991915220634348
0.4774114375767295,-0.41861312220634334
1.160690992323701,0.2601606188935368
-1.077719758054261,-0.012285454437404232
0.8637196502480187,0.025778476842546694
0.30523323044617157,-0.26876092276277547
0.40436741378476965,0.6074689730715725
-0.23060711626295566,-0.47151324748488754
0.28458495212457274,0.44703121247565025
0.9723863433603703,-0.2830126328006962
0.8954548698970803,-0.234155026836749
-0.14698764679467793,0.25407460969200013
-0.6454475467592075,-0.061838486523145365
-0.28731841954590137,-0.1919745672082766
0.8941918762160584,-0.3170013968530996
-0.5700950768383495,1.030677969417284
0.6266364142271007,-0.6247873968451559
0.7888324388550791,0.2701192371155888
0.4223567659033184,0.8505699544926241
1.073226336702913,0.24042080274095154
0.8575353074536577,0.8153367861438446
-1.108082763597805,0.6881896337220271
-0.6471120368174488,-0.42776235873555835
-0.8945109296965711,0.25471734006979135
0.21574201728936623,0.49021822733958176
-1.0141378062305089,-0.4872361916002416
0.3159682868182469,0.8989763020276351
0.16484870713824798,-0.21491027604977755
0.23790868628460468,-0.37915472899742747
0.7405004947582928,0.13885857029501047
0.5251039849559569,-0.5032804767712601
-0.25728647261191145,-0.4417354477650497
-0.6533417480195871,1.0163811666227365
-0.3041560567963911,-0.18579089998319193
0.6522715967199252,0.21115426258089923
0.9110577086465154,-0.6041071461882213
-0.6278808935056025,0.4599118762982272
0.18657796969540405,0.4507820761575262
-0.10818989657756371,0.12653449669325043
0.27059818084531234,0.38188666080012434
-0.316741789259709,-1.1478254550508233
-0.3557152569865002,-0.28140064445816604
0.8260026037894911,-0.22531314687154286
0.3645457924217383,1.003948075020795
-0.25451741719848253,0.5336681859335732
-1.1666693852154968,-0.5513036827083619
-0.31006459446741713,0.6295787649075346
1.1584806601892768,0.44248796951145664
0.3307011417112518,0.6942628614064639
0.5502174275245363,0.09827770054950943
0.22063129061854814,-1.3847059274851183
0.07811771527410878,-0.20724174091733719
-0.2823637392193188,0.9869184773852039
0.02031174891446977,-0.29118702429321974
1.325615570717676,0.25902056116248745
0.4053296416705751,0.260074253382821
-0.249509404516379,-0.4304055341479427
0.7465353212631043,0.06888699011880091
-1.0805812710984215,-0.01242695391345245
0.0442148409012915,-0.15464343131325972
-1.1790644314477232,0.19253102899657915
-0.3041209363762399,0.6673214027819517
-0.6560075005616612,0.08407828095535896
0.3948618443578944,-0.01244894287939157
0.5099452812449126,0.2894985671528577
0.5244956777859258,0.26884161610521806
-0.20043563209245976,0.020408869254871884
0.7749947024252075,0.9610214276985716
-0.609560453720774,-0.06680552043614757
0.16866710228174941,-0.8542326410689917
1.2188532134583512,-0.011690474191652546
-0.4590512556066551,1.1674281014591004
0.7285741591106973,0.050436461426124325
-0.2632210731867219,-1.1911813677663206
-0.37674529620331837,0.8216118548949901
-0.015706486302447836,-0.9686739547231292
0.28517018853091064,-0.3112006686422783
-1.0105593140550964,0.8740205174892678
-0.5789866950720616,0.2708234504813211
-0.20322944666887852,-0.4997860420523756
0.6434496733935904,0.11795033757227687
0.8085983290390875,0.9124499907352317
0.30364084963376814,1.038259772838049
0.31204992999409453,-0.6433744122571508
0.023992750195766212,1.257053194590267
0.9213662697890551,0.19845140137690592
1.0111754816061336,-0.7536429814166427
0.8090246450147142,-0.8676385764388205
0.2791912756748283,-0.6188393165351979
-0.10875332075251194,-1.181552801853875
-0.3616991427286696,0.4172000416996351
0.3726401360532762,0.5754056797780919
0.20672214586377227,0.9395096320932265
-0.7158112800630088,-1.1067073939326293
-0.04321461296575252,0.6227652230958282
-0.6177426372897531,-0.7894454839349272
0.8733026829924843,-0.33614248285830695
-0.6583686409049921,-0.821062838720881
-0.21355915558534116,-0.5877377981429202
-0.9184369549319871,0.5304762448004472
0.8015156353602232,0.14777535748058415
0.5643046653444358,0.27276699145138683
-0.04365867230691503,-0.6169677068151225
-0.004790000453455921,-0.3446864939965741
0.4367636283585013,-0.041767451324224845
0.9359354429692417,0.207546185995438
-0.7988184775384297,0.36577313973597975
-0.42535278956532024,-0.5966670193569416
1.2921180300022654,-0.07345821733766564
0.7732125748020106,-0.07906258705020922
1.0216277005166692,0.15532294240700548
1.13434027855874,-0.0289745972919374
-0.32926928360913055,0.16768303830581002
0.3737166452648347,1.0243955838982906
0.11580121760379682,-0.05499653582332499
-0.44147503458220233,-0.6566898401172685
0.8986655990727802,0.11365785749718066
0.7228440538766695,-0.718658667080484
0.6905949710551996,0.010674656849518183
-0.4940479075852975,-0.18309937828052256
-0.035634767277220585,0.493567170702181
0.019824578956653727,-0.9974627502842223
0.1943210080790637,-0.7489672275523792
-0.06364202000926797,1.17677868548266
-0.9245616521504493,-0.33345356591976055
-0.27308233916613756,0.09018513040317921
-0.5059800676536801,0.2554004779195664
0.8822989841924538,0.061176201093224816
-0.2911730344653977,-0.24898662533403274
-0.23736649183729036,0.4017072752344038
0.15223326148274785,0.13756004600559602
0.8431761176914004,-0.9885294618085364
0.6532026327090502,0.24178842372872736
-0.5576944806580457,1.158531940005655
0.5918179987493128,-0.1483297934131211
0.4931104385378135,0.05970105771777888
0.27599223003655954,0.2788071163826733
-0.3717961138263803,-0.7109036671503431
1.26355675666077,0.03631583733602778
-1.156583161564593,0.19503133931341188
-0.573221863372062,-0.11730263990934636
-0.03636657644982751,0.9202265255612089
-0.08769642577440165,0.6126226513562916
-0.894633932351784,-0.1166683369955839
-0.2526284403104728,-0.7379662771782638
-0.06406844421854793,0.33324687041719603
-0.492300900105868,-0.811618761494838
0.5550884941761947,0.09027038058115609
1.1281852644899497,0.3519515698424143
-0.2616641146124043,0.01899638310475242
0.16425956111159573,1.3433358866110603
-0.4567153228670615,-1.06133623725254
-0.02922535483850528,0.5875033127030208
-0.36692773283655095,0.2534933258351973
0.15635172573632802,0.618345201624661
0.6618437445084068,0.17622613284406002
0.14210804913151015,-0.816262396173919
-0.5668276012752338,0.06221103234777174
-0.10335297900497178,1.2826665865883917
0.6935607862318518,0.1887807763018884
0.13670263291185653,-0.5323439955902438
1.1012100900534285,-0.5722277612518271
-0.3896940020847436,0.60760521130617
1.1618475592528177,-0.024173350031499397
-0.2697877903828352,-0.6832724120879516
-0.09531013431536355,0.11962194179419793
-0.30899055686219556,0.4319201508768163
0.30600028937527496,-0.14179111372315836
0.928222363444094,-0.5722525444355394
0.6996022986435062,-0.06903022224524849
-0.04148221513836412,0.5039282331978348
0.7522016100715821,0.16077214249140906
-0.9516473126155571,-0.7962164495779784
0.08624985449712977,-0.46890486959171257
0.537410733495425,1.010147984884277
0.4877865875947185,0.4934468366529222
0.5659107667990682,0.3836668323233866
-0.6616033463317612,0.035114958953424195
0.43720908992393376,-0.9559996117060612
-0.6654825950084804,0.6147775436572399
0.2445793176223081,0.459945169127139
0.40760034783864424,-1.1903904361849993
1.2971974273806637,-0.009982676528317662
0.3224840791329699,0.0875851756404974
0.21080185092385206,-1.0682300905343645
0.8590439030775826,-0.5154079492092298
0.46966717188141865,-0.22678466580762477
-0.21901289910140043,-1.1180917121139797
-0.7424982084059535,0.21611025700525277
0.2254261409577535,0.744359399267624
-0.7914238610079892,1.1080306073734425
-0.6351244623135778,-0.621840155022311
-0.40703422953516555,0.20176356804662332
0.14620738001665792,0.10196431562064862
0.5724886595910396,-0.18100974253809698
-0.3737276726154284,0.13258762651630288
-0.2871696581950698,0.6393460277190279
-0.5723570278318147,-0.20452194329416773
0.1351825275617231,-0.5483020750974587
-0.13861670363286435,0.09255541667999512
-0.23693050953255304,-1.0135538151298646
-0.6527479683454094,0.6337642644449101
-0.6520289435427166,0.27095231135623277
0.29654683421143396,-0.9439939618028877
-0.30612398705699106,-0.9045176279065191
0.377614029396321,-0.07309234417276532
0.4863733179822963,-1.236650539397425
0.05677889251397783,-1.0627073198201002
0.8025776736773557,-0.7558442405671413
0.8112257826099951,0.49455159383970443
0.08562300625977304,-0.30537071865115395
-0.27049528344199014,-0.6817367396026571
-0.9488690441865281,0.7691236252024815
-1.0334525082879158,0.5567403029697792
-0.060674539681102174,0.39195477668416506
-0.49898538644704155,-0.05354390754724874
0.005253752874797312,-1.3199960688830383
-0.8927366920038045,-0.12018082630206661
0.6472183530959206,-0.44259615629454446
-0.6128194365366955,0.3852308532105122
0.5804749241539103,-0.7545449887981323
0.6197759687418491,0.750757065661122
0.04126327390316705,-0.22305495241937473
-0.8402113368574704,-0.15351466116077714
0.1370012635450669,1.0158324025478909
1.1601004832714916,-0.5780495921488379
0.5178047903043099,-0.3205953244236572
0.1613440765152801,1.1140516606582744
0.59487987618721,-0.3151010764963145
-1.0444481269341455,0.1488953967154295
-0.8867277641691684,0.39662852270852095
0.00550980386395549,1.072484869098463
-0.6948265873399516,-0.8941782773966512
-0.13963427770765122,0.013194310759778932
-0.14714903104808216,-0.03191062448140492
-0.07548822557881373,-0.30034638599028857
-0.08685916744079564,0.10820038465458885
-0.9224627774026402,-0.6492347893938221
0.10152128526982125,-0.36307151145879063
-0.02796991359941424,-0.9779612746672119
0.08618559319881716,0.9871075728586878
-0.8363928032707145,-0.07117329923660386
-0.9269248597287969,-0.2581647010731116
-0.26245371218075364,-0.6741610933313409
-0.9525937679038979,-0.36099247558925257
0.8564567903891702,-0.3919408471341784
0.1204739583914959,0.8599768257897393
-0.31259284866203635,-0.6703021325254206
0.7298419802593518,-0.2914087547884787
-1.0767472642643205,0.5744465238127823
0.44363293790770136,0.008167908199860182
-0.037660659374967466,-1.313206210749278
0.4434919944755409,0.48045833967306006
0.9226216041386919,0.2984711256369609
-0.005765577235884555,-1.2095794712055872
0.2554966062433797,0.43464928676273046
0.8321917854030827,-0.5989187459834493
-0.4382687084379615,0.5322215716123825
-0.15459498931794002,-1.1934117929061947
-0.39659445450997305,-0.5688561969161217
0.24271798532866118,-0.2530502976494551
-0.5728039401151003,-0.9573553311008848
-0.11703946347597959,0.2251765820344643
-0.4269606164671055,0.4323896536542314
-0.342484510524704,0.19066755587972858
-0.3394018909921584,-0.5953855579579488
-0.38770451123589267,-0.1527619265657181
-0.35542880620444556,0.6283863375524995
0.7187788670642894,0.052947730006782476
-0.7546206560665688,0.3123510940286282
-0.17458867257248128,-0.520866599936638
-0.014879461585428399,-1.0253350753939199
0.5095940005151619,-1.1200749850932206
0.6984769801077717,0.689149854104771
0.3412637849587274,-0.9735753261205893
-0.7791485055136828,-0.9181507146928057
0.0025727612709289622,0.4772753483946622
0.15540356345260964,-0.2573057303213225
-0.14537447960176636,-0.33677784594062365
1.0933460528479417,0.06478402587093636
0.8799725005869241,-0.3967683560667205
0.751986361390979,-0.4502249233352059
-0.37535788972805934,0.42374629894260535
-0.07416055638717749,-0.8418161562757862
-1.219240451209113,0.28901628972190885
0.2302966816075669,-0.17471600561820413
-0.007087018306552998,-0.4008352011420773
-0.273487264863468,0.350287063059184
1.1220100088346594,-0.4700537553616049
0.6852353848036342,0.1373318282652723
-1.166704452068923,-0.16385381982434202
-0.16279972258573985,-0.3516967831358425
0.9478619955423822,-0.9564995932058812
0.8812371203357052,1.0424542792845275
0.3105079999567422,-0.24558750580548233
0.48104723705280134,0.9529760151172685
-0.23474277195269683,0.42744034974005857
0.21638604393374927,0.7714969458108121
-1.092222748396022,-0.8488492317893033
-0.37104371299059974,0.6773056506552638
-0.004692786515601281,-0.9466957725632282
0.2099838993018759,-0.3796135007887309
0.03848129253859944,0.5431241434489956
-0.3246917349463466,0.9814133843883293
0.6497417057571464,0.8933170911221898
-1.1122548422901901,-0.16331349945562648
-0.385145193560827,0.5877307399604307
1.013301113072736,0.41714696860434075
-1.31457511481746,0.41247917617829627
0.230177546782178,-0.2923689901462526
0.057139072870331334,-0.9269075853637593
-0.5687998303120627,-0.3653540661203815
1.0725314704898186,0.41702143898072075
-0.14010915765874443,-1.0790773712616573
0.027793751322934084,-1.1149853135613113
0.25120151618799497,0.5612092233181698
-0.4918435104740269,-0.5561068829222477
0.6469820152558273,0.059693409013124546
0.6260625444074,1.0742107778191203
-0.07831032353432572,-0.3745436025719211
0.15673252030881843,-0.35466837759014247
0.526613518168171,-0.818558394016418
0.47143546098451095,0.9794486868468857
0.3599548520780275,-1.0804484745056373
-1.049902643831395,-0.5978059199147583
0.6636050295323203,-0.8910291928727135
-0.9561890975315486,0.14670701828067917
1.01663660351817,0.5878194319914497
0.2683342064003007,0.29033891331394274
-0.3383973319561863,0.018898299150905837
0.2700632691543188,-0.9137377326006869
0.2629477472860138,-1.0937700284119116
1.0344758473180982,-0.566572428967041
-0.6038724016300373,-0.08514159849875842
0.08793372442416854,0.02741872582687307
0.5478173139012401,0.0386497258080359
-0.14741955495515766,-1.3192023497505037
-0.8525516562700133,-0.6145066098200553
0.7739541393976762,-1.0686403183493502
0.15632853411695458,-0.8957670233775125
0.21870223657178553,-0.8138985279032807
0.8082653331019894,0.6719514266969574
-0.18122170772270182,1.2229020553249175
0.7350260079282254,0.9506064481464681
-0.2945517535404047,0.4217373490107148
1.2435340607134435,-0.039002268328415274
0.8425710460490717,-0.8331761109089281
-0.1795207872082892,0.3372175360965524
0.16616443176400006,-0.15155779106826625
-0.3735030425424145,-0.21930734127772744
-1.3147222165411543,-0.06528794535055107
-0.157659394714919,1.0718153627230758
0.540358919638322,1.0078215361703853
0.10120625513009998,0.9083165255863016
0.8754479841408557,-0.12923239622040641
-0.2998068736279853,0.963920131278835
1.1756317371783966,-0.4438529082562459
-0.09629400319160522,-1.2649721133109877
0.4031471260334358,1.1011392345702333
0.0625882872421109,0.21640784913913338
0.36791664400775714,0.13887189312089954
0.22184179995729653,0.07896947094315936
0.012224724950501448,0.9702871835630106
-0.4353619076186062,-0.16285855282110953
-0.735896078570807,0.7109689502612405
-1.2331296036641937,-0.3877185537458234
-0.5488272432816109,0.5884880664214276
-1.1151961948037705,-0.020311982492605945
-0.3905743416624957,-0.07077494205267945
-0.6098143571812439,-0.19952051674479315
0.12668502255791547,0.3001563069213479
0.2350065381900938,1.1867356703926788
0.6787820871682552,1.023254712722303
-0.15521740490475344,0.1549826717886578
0.3774346006380746,0.6919832251808139
0.3436198358740076,0.5658365147073908
0.6741592815819628,0.8746747198169609
-0.6971522372334332,-0.7815619049785316
0.4438622270502849,-1.052185749063958
1.231396464778793,0.07463741901204325
-0.9005516872710562,0.7425108956984363
-0.6369317134477397,0.3532181598849112
-0.022601271958109174,1.1599579876365809
-0.7345824895608015,-0.11508528132254345
-0.27389692761260337,-0.25861560656032245
-0.6840761942438572,-0.6920046808567758
0.6878344796376293,-0.5146913887348941
-0.484012197168714,0.8084998632761223
-0.3794916166942583,-1.2599440525964156
0.4024759068099808,0.045992095701978285
-0.30002717404910134,0.633507339294753
0.3081711855068017,0.7734859798905995
0.13643779389359617,0.04575430984253581
-0.7997845078581057,-0.7736314131892902
1.0287700240826074,0.2556467017504976
0.580558156664716,-0.24090439895233026
0.48049776267351807,0.9355157932819859
0.13919594843251268,-0.6452506418464201
-0.07936735185431239,-0.6442940320517074
-0.05779729169131268,-0.6188894711043634
-0.6842719548854541,0.8296834844346056
0.3581848859824155,-1.2078865413764572
0.4193490874055604,0.9881429355467392
0.7716788559522707,0.4995264997187542
-0.2110099252926876,-0.4936876686914303
-0.09611849441452089,-0.22813486367258673
0.3403782269297903,0.4363639779558895
-0.19030428563192453,-0.6860700702556984
0.3989242654367804,-0.07858117198918675
1.1418991747933473,0.30330512933679027
-0.9452790197743938,0.7840617924680152
-0.2759118192709714,-0.7107802130141603
0.3291061291710755,-0.4959916032288461
0.001526660571556386,0.6043523231811966
-0.5149053275773333,-0.21138827247153852
-0.5206834245240293,1.023953931138322
0.12398438937495156,-0.3576649740754122
1.0417872334918483,-0.6000070613615217
0.39798958185567,0.8716185935536143
-1.1350320743841313,0.19801940976591037
0.3969869098216324,-0.5654776286002279
-1.2742113848767274,0.3003993328253933
0.7188369213336256,-0.8355547015294494
0.40368070130969413,-1.1896062959093525
-0.04202232472284486,0.15765064945331644
-0.8542443810668078,0.6008985268777363
-0.5800477656522063,0.10807392113971968
-0.586767547695397,-0.5454689833939083
-0.48846560603614003,0.4790896029122297
0.1380204577274328,-0.16092666653689006
0.18254174678733265,1.271130763542398
-0.036254814365143176,-0.09209700770032755
1.1224258946582852,0.21984702728987363
-0.45930874222584167,-0.6722998979487134
-0.17847275308376648,-0.9619461738592479
0.06339299841150421,0.15986874792763886
0.6124039718336506,0.30591220241773914
-0.14750201588858866,-0.34503317544112005
0.31390500961062684,-0.486502779682148
0.271249608967128,0.8659173029402786
0.3842372363993587,-0.26789596018401046
0.7551552775714502,-0.0969520205533645
-0.08378637450690846,0.42056285706979674
0.6294385468747357,-1.0238740486908855
-0.5160701449842949,-1.012366974974332
0.7960500952097417,-0.533143192693038
-1.0193682321651718,-0.2859658943692085
-0.28850371044123635,0.13543300037354816
-0.4150905171101472,0.6964450804719642
-0.640200520727302,-0.012650103897358643
0.34873217464498485,-0.8175899061926643
0.10861442143936446,-0.7346846372666797
-0.732065000745641,-0.686350547706355
-0.28648255622580054,-0.6000855500212272
0.864098674599296,0.7756317846232098
-1.1606157543590834,-0.754446477094458
0.4185943779322286,-0.5844045714284943
-0.9960035121588368,-0.5338027992180359
-0.6282559990349711,0.6795265291021634
1.0400855639770374,0.18945564241291904
-0.6776836640149769,-0.14739254949829092
0.23685848058343698,0.5745782205227556
0.048269454437137274,0.5414255800374576
0.5679804314319883,0.10283795027648392
-0.61247986197075,0.7954678568384607
0.33038179216330515,-1.1238387746121028
-0.7541491589110323,0.02382196934280634
-0.4286828123871981,-0.9278375363312648
-0.9563523298055462,-0.3283805198055117
0.6893667574605273,1.1576141712804655
1.0137202775873182,-0.048115818703205214
-0.287953531518563,1.3460322490000087
0.3482725621723988,-1.1605062656741227
0.8688136742107371,-0.4839991917363379
0.5367440750274968,0.2910272146438497
-0.15241198692706023,0.15318503214615586
-0.7071584763044471,0.1351243295679217
-0.6600148790330339,-0.05203984402011808
-1.045446980492897,-0.24233433831352513
0.7221863949667642,-0.61169662856352
-0.5968887624425739,0.46306232712880985
-0.3923388415359074,-0.31861964021291084
-1.2503664183194307,-0.33233604694624475
-0.27174694938577243,0.15308578858492863
0.5824648124147835,-0.8801023929749586
-0.6734174960776834,-0.06302487503879392
0.8584003649820139,0.05816268173094457
0.3191470801612873,-0.5140969468242067
0.6742805860868334,0.5339209270528679
0.8109251688646057,-0.9352687341188627
-0.06389833111552999,1.0545510920348122
0.5596444584206451,0.658454115374574
-1.0293336565576414,0.6773012482313594
0.02625270197052575,-0.021104517183346137
-0.7363955807059895,0.9140420951237277
-0.6348812362965293,0.17473601198829478
-0.2684425128681741,0.6005865956266442
0.5212860547823005,-0.0369045902492296
1.1185208382173577,-0.6151927468720437
-0.330829370594373,1.3080801342066157
0.6619433300803421,0.6077732013687924
-0.249831707555247,-1.2844463060580318
-0.3962219289129266,1.1440072498664016
0.0028247981751573846,0.2882715308728244
0.5518615044344145,-0.9716596338523538
0.3051930548222778,-1.357640267882157
-0.35726413759469045,0.42569817027391665
0.35791278992587455,-0.00047042718550639355
0.9099548499921005,0.39805827313990955
0.41372985294309655,-0.5844664407820317
-0.4370193665275417,-0.6939557023024852
0.4907581945706104,-0.39694770058494216
-0.5780708033885095,-0.581497365500182
-0.6142507731457936,-1.1094722085926643
0.7868300419133528,-0.3946767787234326
0.12003143991820793,-0.2806003418788667
0.03430132652461674,-0.4012697887971126
-0.277522949676622,0.19413694438725637
0.5205524563985989,-0.451778629392056
0.9877248459870571,-0.7793742241245261
-1.1888382739365932,-0.18172818712056577
-0.13010914980457566,-0.6828556601902757
-0.20079598136657603,-1.220739545453621
0.5322751049422053,0.19931727705682822
-0.19378608972008446,0.08915374333083381
-0.03181458153201014,-0.3686274043816776
-0.8848464064209773,-0.1443421738465783
-0.1653249284745689,0.5241987244492423
-0.37939653479749036,1.2071047719974086
-0.4416827460958036,-0.27561594387539473
0.05073748733815143,0.458930608446946
0.2092058480628988,0.6980449956424621
0.1719155073831477,-1.0237710483864917
-0.7897064736795206,-0.812130245408861
0.059653546823361436,0.05498281919451332
-0.26974700986223304,-1.2941506476120483
-0.1306532791646813,-1.0793394101023974
-0.8390359708037944,-0.29254202630798265
-0.9019025200121117,0.11507958271288785
0.7984075945605071,0.42065114955054045
0.7062114989224173,-0.00027225846139284574
-0.1938049792089924,-1.175319583512341
-0.4881596559157575,0.09056854119467306
-0.4559354503551068,0.2138161296202807
0.02677776047490891,-0.41785083612030655
0.41732630942352367,0.16920716262972837
-0.17261481396103417,0.08528415887318823
-0.8790713367163892,-0.013431388566079285
-0.18102520925012866,0.6037463615895838
-0.6152462058910599,-0.7166095530557893
-0.2686293945532981,0.3140034257508485
0.7620575142279246,0.6363429520572189
-0.6214758430167128,-0.35799940800769064
1.0830060937370778,0.7369148594020825
-0.49916669053036794,0.7024988847268789
-0.27488352419206125,-0.4733114040531523
0.5146266213888615,0.06281325282589027
0.46278765610231704,-0.862850125232994
0.8660542212412666,-0.6423607377480447
0.630845640445748,-0.8242143259032629
0.006441876837428403,-0.011193332310410581
0.37304147781324837,-1.2203210280175576
-1.1919971145592143,-0.21318310044532177
1.1124259408097825,-0.1648666768563351
-1.2638996514500629,0.1915724670448394
-0.72094621252214,-0.33444686197956314
-0.4680971111069937,0.3170617734109751
0.602404184859879,1.173555242631027
-1.0594149776432034,0.10519278111841722
0.5041567639759724,0.011382444209175845
-0.26418305853672425,0.08078156120752476
-0.685236125943786,-0.5609660913608007
-0.2711340476897738,0.07481003661487312
0.7203821595624471,-0.30329297630504604
-0.5014173133057622,-0.5455256835796135
-0.2646991404153524,0.4064890421799507
0.9890489781796961,0.8032824831221439
-0.456342528543401,0.9893017222896322
-0.2745118022162253,-0.2678256954153443
-0.16702875964809485,0.23264915200786584
0.3173347004390602,0.1445738451470848
-1.2785368670439972,0.4109108685780614
-0.5521769431458702,-0.6339732825262665
0.14941178644000938,1.0901357104562046
0.7325931758526245,0.9793687619682907
0.6130706835820315,-0.6782834237844875
0.40190254182833546,-1.0684637394375003
0.7796911128543398,0.5601074012976913
-1.3802693748636659,0.07160636962086891
0.742266798437353,0.08512543088686607
0.8655118294705672,-0.1971038735960951
0.9660407742471204,-0.44964197324698524
0.13615468474735093,-0.17872495552706624
-0.8275890546486756,-0.24173574630016542
0.5759077570051422,-0.6036580826987732
-0.8914659298408416,0.46787320730987997
0.26218465525734513,0.4323211531644517
-1.2528388102085113,0.49442317900791216
-0.9086500285685758,0.6432210182101029
-0.9159447002960758,0.17244773416550646
-0.7600011561385843,0.9052409939902585
-0.8789184711295472,0.6741341213098617
-0.6556684739537116,-0.7891259990176789
-0.6577984775284338,0.2631835537794221
-0.34264500055816133,0.17456844960046808
-0.7609172615672206,0.39962147691504735
1.0104602808541592,0.43853684863599096
0.10357347912684421,0.37561784451634683
-0.9999231811036365,-0.577970813330623
1.0815072291782386,-0.053238171957917274
-0.7089002128398821,0.500647736578206
0.5248087871701664,0.13733718167644973
-0.6581190791523421,0.6851836865070445
-0.5023972373756317,-0.005478736498229382
0.5314128223386684,-0.51378532692244
-0.05764585734417155,-0.5644653589672107
0.7106199382034691,0.3701614465996666
-0.7638272366023261,1.148819310020042
-0.5024447341160105,0.7903657080914012
0.03910964172505966,-0.004191471944398736
0.5537478869094885,-0.5800493458634685
-0.9631261964753471,0.12226286008476332
-0.9832240430575936,-0.7996170125025098
0.37047388490464594,-0.31083229199746104
0.5248372376134759,1.1014679361333806
0.4029263514578282,0.20964775780630182
0.46625940572979824,0.33788845006590734
-0.32710692115723305,-0.2610927882560559
0.7607616663088685,-0.20247687684689977
0.30333038709607113,-0.01618650996480472
0.6662308654102589,1.1773695898166192
0.6238851033696126,-0.2077052683672244
0.8185819687365306,-0.330040723494531
0.7362623515338308,-0.5489262733167747
0.1129239679776752,0.6743617566340071
0.38517187350259496,-0.21748801864219378
-1.126818589389681,0.629161805628727
0.5705506042446118,0.6085761410526118
-0.8717463826091215,-0.6510662574299739
-0.5718721899425554,-0.014739547682255305
-0.6572214428658718,-0.888859998913658
-0.045467975788024445,-1.3819182059791466
-0.5664029453606936,-0.3970221435838311
-0.9088180832533641,0.2574818133023741
0.5947160315296303,1.085105989850805
-1.092490505458576,-0.32158088071784885
-0.2983725664512268,-0.2848176357094255
0.28547301256398094,-0.28618118918564933
-0.5907218542895384,0.5246334542239421
-0.14923824138225025,0.03910006117344453
-1.0849899065787578,0.8661334490830568
0.6645530564766504,0.288587387151654
-0.08155637056223912,-0.4386354996811116
0.9801894368258174,0.5462871394683154
-0.07866284693589129,-0.12570279580662483
0.12824350810186336,0.9204588946499523
0.07732162629649005,0.6464162147399937
-1.29062628717138,-0.19555356508468894
0.31899610025132624,0.6466145449884007
0.017370715392770453,-0.0742679360253557
0.0518668435494729,-0.4005664890755022
0.5808046874673132,0.16659556096430436
-0.5412207743175497,-0.14515896376959894
-0.05048922058592812,1.362453388030248
-0.20265630753507935,-0.37773713580724083
0.9911695270749339,0.18794955449783182
0.11935300551912922,-0.1650449365443363
0.0007677276524012598,-1.1854687906853942
-0.12340590708572159,0.3093403542747631
0.813224170229599,-0.3575461416667421
-0.04446813576692191,-1.3463438913977865
-1.2760182006415235,0.2969469163593401
-0.8363387448325919,0.7810698565614338
-0.02385070690069256,-0.037157009545679735
-0.24046419664757707,0.5682398061188988
1.1840919295286823,-0.21121797263937098
-0.18496763543070352,0.18620091398357233
-0.7035240184433545,1.1355887894991499
-0.02684036547569511,0.524705381253008
0.04729698915443411,0.1257183167927237
-0.86399261897845,-0.6611841710375528
-0.26161534877878534,0.45941336534388805
-1.0499733430640843,0.6761334441755027
-0.14973842991390643,0.2336331857720048
0.9535624658413081,0.2558765157087378
-1.0117449567298658,-0.6295574735499949
0.5704152020875227,-0.6590061126823415
0.76815543061565,-0.6212284215587678
-0.7446902335781203,0.5229160854463045
0.13183159392437543,1.2497681017843927
-0.5111818049568042,-0.6350553275893774
-0.4009496445847401,-0.23921820108580866
0.46423799556018586,0.10683394975005292
0.7830767793713675,-0.05666398621273446
0.17319034390007745,-0.2474351953074899
0.8035658377572038,-0.5785366997984105
0.5262774929837927,0.366358402726338
-0.009810198559688284,-0.2952134227783366
0.5693596586523775,0.3306832003596266
0.8565567949806058,0.25205109788110946
0.6181149345855618,-0.20087411586407383
-0.19241587337119848,-0.20671005046417046
-0.49581696045844365,0.6017144511344448
-0.38719138825385,0.9066024686161214
-0.06267226608884313,1.3786104970503508
0.65524976384091,0.18057697468233336
-0.9983713346761528,-0.8060243418486553
-0.699117371387082,-0.47539806658539024
0.44366279460949404,0.12479844069061402
0.036024361575201023,-0.10482009365587351
0.5946314768522772,1.1689991747534956
0.23765150220033932,-0.8947337088848887
0.5411551345418977,0.5920382432802053
0.5120696087948441,0.9413808632667175
-1.1362991857928768,-0.3257092460771328
0.2926560807741251,0.6195023325380593
0.38337097448662555,-0.6410396630604055
0.4653749405849908,-1.0280364305504839
0.5234266426006718,0.3660346447919408
-0.9086287420158455,0.2784920525387576
-0.6350969292015518,0.4536627044702144
-0.8571444070731452,0.6526275371249943
-0.1031162073426318,-0.06131768664253089
-0.119787371481876,1.1918201367209498
-0.04320262794368164,-0.04497801980987769
0.5281580312292221,-0.5736833101387316
0.10594638406077588,-0.20359617641093394
-0.6959956875069127,0.0728421275093066
0.4986991562050141,-0.7210603126538871
0.3886618121352662,0.6850200545568121
0.530143606887814,0.17166388512480868
0.4782052264734086,0.5316361775546818
0.1632569693583121,0.3253433559670927
-0.23183686133380188,-0.013315994899732833
-1.3263035141093682,0.1390412382826778
0.6903574537802962,-0.6421612462647102
1.1695724270300718,0.4439119266556693
-0.0014427286582512485,-0.2853534479098239
-0.31052489544685,-0.18215093250633707
-0.3439721296199684,1.1373814812138423
-0.7122182667953049,0.06240794850290849
-0.36939036760348504,-0.6579685627896326
-0.6517373419621704,-0.4602323807900566
1.174464368552084,-0.6079023113765827
0.6707368505865934,-0.1037547065098901
-0.10663286653810694,0.07508185537246038
0.8983138176954194,-0.27530622772754315
0.3333554748421469,-0.33323715888917904
0.33660781110881094,0.7580913620951734
-0.28805615400651524,-0.10815514905176296
-0.059878403900162906,-0.329921858886513
0.35098927027702564,-0.03385975548980052
0.4468587216699414,-0.7021976201672617
-0.6867826228456856,0.8021801231946435
-0.10001437860319798,0.6015162246849359
0.8748784644402359,-0.3204049293542479
0.5711297550309157,0.6458097961915245
0.7561435660014181,1.166247822468342
-0.5330930350848705,-0.2771136028810347
-0.5944575442644718,-0.21991260027720372
-0.08978619219151115,1.179110872833131
-0.36147579537611013,0.8086546005842884
-0.7509904197836509,0.8606261474204233
-0.8963483989240476,0.7382687534710803
-0.6323197553931038,0.4051645368738367
0.10069608234143869,0.024004129295405314
0.6047302032288688,-0.6632156234179043
-0.18433953975856085,0.8987383457940786
-0.8612910057523652,0.12843951466734174
-0.7346551509252374,0.6580753056719445
-1.2155176046052005,0.19443406664602708
0.35085169520335246,-0.6703071535977221
-0.020764803175755037,-0.5250284943097263
-0.7733803073527035,0.08338617555459767
0.002296910988039916,-0.8289276040500665
-0.793902265997984,0.48432466904779137
0.8485434489131243,0.40102761058899816
-0.5297185046681878,-0.09387349988016477
-0.7216129297596218,-0.21790905516270367
1.1901515484732577,-0.0076737706744819415
0.0746215927727515,-0.14156372016074048
-0.6852279649542161,-0.02308437201330791
0.07229068988152786,0.5400347997940697
0.38853821318256565,-0.19920209401491498
0.8845710274315621,-0.2010304559417542
-0.6201189544826365,0.8423520634328668
-0.4766023159086629,0.9109847289851091
1.0259919480656554,0.00440116890398169
0.4815076442802357,0.7148917193294612
-0.6206702236573578,-0.22069397223177217
-0.3122610817058945,-0.6488775536939017
0.6737283498496931,-0.9171752319575012
-0.24183202497293438,1.0072591472061367
0.37679017559905004,-0.28149854713739536
0.8710153250345914,0.42518741002473165
1.046420370333483,0.0711949041406588
-0.2631217301713058,-0.738883431377608
0.10448140279088558,1.176661230876928
-0.6423994060282945,-0.7921805027581442
0.22263417697682922,0.1506837006842615
0.05530984404207843,0.40838569760834614
-0.44579095334958146,0.18001749485394228
0.07340412769391375,0.8244130238770391
-0.4171322566061025,0.444738447742192
-0.34583771743345876,1.1973623581047705
0.10983636429728033,1.1287593589095937
-0.9573509120437338,-0.1660168607950809
-0.20197146366576305,0.4225107114497102
-0.7725135728720292,0.11806564744557836
-0.0447197216483589,-0.12291347886513443
-1.072745268417867,-0.06582333839835929
-0.3383964608900827,-0.6415661057948957
0.7197104721611685,0.07759572729730838
-0.6303241149313168,-0.026534822730161715
-0.7788237770507872,0.09414375161489381
-0.7310116868148449,0.2656538006769567
-0.9685201696790136,0.4701990344302215
0.4053374221145684,0.6045765652015381
0.6421516424292433,0.23303699458749721
-1.0375761125691059,-0.3733347567525243
-0.020001176366013527,-0.05532129076882176
-0.2989041296853854,-0.6645063587733344
-0.3370543685058623,-0.5525798945522062
-0.38890562453143634,0.17987469682467064
0.9417505944422168,-0.7006081945366642
-0.5074336324880567,-0.2795755120156054
-0.3965411304706491,-0.021601259427038534
1.0266146788386443,-0.23656117038156235
0.35699589530680353,-1.2273375791784271
0.47933552090354953,0.7209273567752453
0.17042218028710338,-0.025388380615015572
1.1817376612542627,0.1475452317448623
-1.2225631506402457,-0.1136559410778105
-0.6683781799620472,0.35103611433428766
-0.7238690710635795,0.47855955684445367
-0.10709243456710515,0.8684849147290498
-0.25469889099807297,-0.592193108529862
0.35030148346830825,-0.5276024580589547
0.4168954255639622,0.5156322779616124
-0.13020476795015454,0.6265496927252402
-0.9014689935750461,-0.7393583955019896
-0.38505040065052254,0.6469783339650419
-1.1005479983928648,-0.621421866532039
0.41774385109559586,-0.6552213197907272
-0.08570579766868897,-0.38802468791858463
-0.8081512251332583,-0.5295045809875089
-1.075247974993284,0.47351895660680865
1.249212147414714,0.05435997369002202
-0.16017886264073625,-1.2611332187615416
0.501004471111726,0.044077857160631985
-0.8761304381143048,-0.3414810888502971
0.22116585373328587,-0.6258595525556797
0.6055986179563314,0.5458557633203293
-0.7575992522576468,0.7572840889323849
-0.7520325156311777,-0.05999349354739734
0.1371693335939198,0.3688060226132684
-0.0009509270383748457,0.1543696004564296
-0.570416382532184,0.0882674196493311
0.7345226241861179,-0.6936767572185982
0.34246431230040314,0.9654476448471624
0.2796860334174373,-0.16407836600287362
-0.6078025592860399,1.0855207279580306
-0.8298986274475163,-0.4651890416547642
-0.7596267892331139,-0.01288390504856189
-0.7731632366243554,0.06268808901514202
0.6800495900011598,-0.8756074273361493
0.8241191523767573,0.7870862219144513
0.2511733839572002,-0.0428891033376311
-0.911295341379034,-0.3125262296410153
-0.7973380087534405,-0.3391273621782104
0.31563962042568255,-1.1358995327544341
0.018061335645047513,0.5687025450304981
-0.30573671971314015,-0.19363737512749427
1.0039368954173635,-0.39419362189932283
-0.12473518073589204,-0.8909399169926678
0.275743553983668,0.4084307194811689
-0.1771580325812593,-0.5737391960466539
1.0170311090991995,0.4762174998707796
0.4645593150855276,0.4371962993892836
0.5906356043449029,-0.7675079393713952
0.5121439916099602,0.4881790782794022
-0.5517831687729245,0.3040324098511003
0.5553935345677637,-0.301885181397529
-0.38767476360981573,1.159383181399951
0.3255762944360674,-0.40516115493435106
-0.9071791844785906,-0.7649307368393703
0.20790140575479893,-0.6817906712428072
-0.24930610666724418,-1.0327959380063405
0.4023199629616344,-0.43590222838620674
0.6903139748381811,0.759630677948493
-0.7230835331603388,0.8824294591224875
-0.15632243176223956,0.7348032895841731
-0.7380569683361923,0.379063047668004
0.29111970346579424,0.5608219344500047
-0.02970867859455095,0.8082173628227423
-0.5573652428742348,0.011861005456250883
-0.6295366773749037,-0.36480527364265114
-0.6271208476885077,0.6273915207109501
1.0622468086193835,0.46956873710872415
-0.6155488442667767,0.9627604207858323
0.8844216886399655,-0.9991284230518949
0.4664569443952202,1.0703155379317617
-0.47474914575378796,0.4357823675100183
1.03920482281226,-0.38742143671335344
0.08301244600617563,-0.9870854810478443
-0.3416489887265525,0.47623249350837144
-0.9320286714445447,-0.35008161467975407
0.5269709910070097,1.1538262897280933
-0.7120547538815853,-0.4684348769510791
0.568741867726586,0.6368026014090812
-0.3219759940383516,-0.8603651865719859
0.9310012314455587,0.36037821031367573
0.44259277251751916,0.8632632679154788
-0.24592992336783442,-0.3709092810121606
-0.46249533508410595,-0.26425138060014647
0.036737635387051305,1.1645400587872718
0.4717161274492993,-1.2918241615974746
0.8384043011749176,0.5456203061165843
-0.989838346150215,-0.3092320097512963
-0.11134638462954098,0.1909896949008206
-0.3848297587833379,-1.2978964090622624
0.8644904330777123,-0.15183513912152458
-0.626214882024549,-0.2540318711946546
-0.1142230122546897,-0.326918634501736
-0.34281103539374425,0.2100149765775888
0.08401981935215018,-0.7996447067337235
-1.097210509777228,-0.7538249895949392
-0.34333807609218664,-0.5089056050961605
0.12824769478135728,0.21953384381066474
0.32504885959254576,0.9206297177172087
0.06800389055783518,0.2739375779092261
-0.21302294392073565,0.5301487202551429
-0.6762298758936592,0.43936537570995626
0.4035650295481273,-0.027632889100482883
-0.6138097508993748,1.120150327713902
-0.18981811827492154,-0.7070351941399167
-0.5041723837768755,0.9055267898118127
0.6334118374950696,-1.184803166564308
1.1202728105122,-0.7168212787887914
0.9029938275447712,0.019614212309749454
1.078241827227267,-0.5543410644919188
-0.5666922586685724,-1.1654523203860727
0.025495503797513922,0.24758940158829965
-0.3898281758282152,-0.09757565327706115
-0.7284340113558971,-1.0924443645164068
0.9937802351415753,-0.5822725791440233
0.13178293673257138,-0.6054939915017937
0.05532470748179601,-0.5711048709365333
-0.4184014180560154,0.34271224671535033
-0.1686110404010911,0.044491936578214715
-0.5403432273909039,0.2714831885979647
1.017483357872725,-0.6315600660642406
-0.40275626055528607,-0.16409904282064885
0.9354822253686309,-0.16462425512473364
-0.5911485062695176,1.2087269003687788
0.4572317570941208,0.9323612122896362
0.2837161747726857,0.947824132560404
-0.04842300725601814,-0.4737517674082068
-0.7551695345479225,-0.7287314401544247
-1.2209171239275325,0.1665270862910931
-1.173368865723407,-0.1504009347511964
0.3458434311516925,-0.8486132953003038
-0.6346766033441879,0.46441242884935113
-0.2913359516774896,-0.4452542076363787
0.07371283967785815,0.054354698763539766
-0.5248674345894724,-0.7554558037669007
0.7414999359420654,-0.7114163201281563
0.14057596434509348,0.6499676667914478
0.3569854818475318,-0.9354888350984283
-0.8025141962030972,-0.533339055855268
-0.8198393537005356,-0.8988247910275753
-0.824759356834358,0.7138124640853718
0.982083031603601,-0.006378411039724405
0.33505274305614696,-0.655463346269679
0.24026088722446373,-0.32513419245100145
0.21287966218488352,-0.050391824638915124
-0.5343314366006311,0.8945388396630524
1.1505590212290693,0.10818592817751174
0.23738099150816416,0.3731927373314635
0.46344423531927575,-1.092401214502242
-0.6954385651515648,0.9942039210073832
0.9566839236894934,0.19175479053698807
0.06512805954962068,0.7729493290791318
-1.148619634387133,0.49638747032545216
0.48929562832508966,0.39799847338383215
-0.3417807342436086,-0.09092992503796293
-1.3025981141849317,0.3453237709947072
-0.1636618451318951,0.5291447915749207
0.13395958677171454,-1.1834091687341912
0.08567873065361628,-0.06982800596720476
-0.3126634833845607,0.15451220775722588
0.12065309895295642,1.1554090116941955
-0.41056461922770066,-0.07128996739490599
0.9586966509644796,-0.4276984536634858
0.03583421625123231,-0.5589566031419925
-1.0422848000811946,-0.49884703980966716
0.8158334693658059,-0.4789739406300233
0.08939359089603086,-1.016279430232015
0.16757498502750143,-0.06214237408382939
0.1469960074156352,-0.8224696309276802
0.6540082455275734,-0.02737426934763073
1.2581239751185398,0.4286960178855778
0.3508482732007049,0.8858931305050711
0.6817142269577883,-0.4400424635001301
-0.4863803711451767,0.1869598660475915
1.2761178968685138,-0.375611474225799
0.6509836278020692,-0.435398069530803
-0.4468242679692125,0.01755785281169355
0.3473846828579939,0.33571839292645456
0.35444539441518536,1.001727874142298
-0.15994723645268075,-0.20894244424141892
-1.0390060865442372,-0.15042529514242614
0.06726860415129848,1.0901862186131352
0.031432201955539855,-0.5365700668287443
0.009923093022705994,0.10971403288559192
0.1662066549068709,0.1749979815936754
0.025055942159331074,0.5486466514156404
-0.4060466391375938,-0.24313141791643048
0.30549645908135803,0.24737741223472348
-0.36034981065900606,0.007552687938157072
0.8640006192566199,0.09255393901429103
0.33888258318676734,-0.41106169815352134
0.19387730853554855,0.10090326520781608
-0.5529346580008169,0.7192117428671628
-0.1854579592123604,0.6983592015929205
-0.2067564097790284,-0.24039712082613668
0.7604697861140938,1.0158701655304538
0.2656243188247736,-0.7524008583280152
-0.4419323496433969,-0.7665579175823027
0.5459234989055328,1.1191263106301528
0.8578128659066026,1.010812415510323
0.37160444520287833,0.5564465592831476
-0.8833229820031563,0.4575703260034046
0.6931165677284925,1.2085429711900644
0.6097704574582289,-0.16300661023898677
0.10079944949056953,0.03098348244909662
1.0896540984424716,0.23152152475021207
-0.05756329178389759,-0.8576503408294479
0.04476358000952912,0.2910133484597023
0.58689996058255,0.697826220083524
-0.4599299752752177,-0.7969732189169805
-0.7952986652565671,0.8108248122177205
-0.2561669478387097,-0.25300401387685983
-0.1808869231770682,-0.36469663621569653
0.29070402669739637,0.2862630476932801
0.49639774258895975,0.9040966172258462
-0.7063355818294086,0.373611033963337
-0.21488199887444492,-0.6495156874091528
-0.1200050118221101,-1.0276007932315774
0.19042662890613107,-0.1592472393230579
0.6928135744318823,0.6977335081481254
0.9345865968915067,0.9856006957018377
-1.18432159735158,0.07460119570150378
-1.116030158327389,-0.28634685143510674
-0.3010660617566867,1.1992806142311971
0.9967062957106086,0.06622959187490407
-0.07191306273674836,-0.8461026549719953
-0.6128109587291284,-0.17350897983356214
-0.790507725130109,-0.07397077781935835
0.06484087332557695,0.6967027061997109
0.9246337788558453,0.2658419094711693
-0.648356488101747,-0.20414289474979475
-0.5620456852598672,-0.09400804360596066
-0.8545621685594995,0.4879322551902867
-0.5704322137048429,-0.8577161342291945
0.29500271130265826,1.0124205646514202
0.5357856630205731,0.4134488489433141
0.11066602194060673,-0.3160229483908946
0.9039775645076147,-0.7690495964031757
0.009248216629281996,-0.6807183884151311
1.1500007884422436,0.1941695025400729
1.0173820546737231,-0.7127608464969353
-0.39164055550024257,1.2139025657470615
-0.5088315221182169,-0.8871908335079074
0.494439309688957,-0.826296138277193
0.1367963603916326,0.07230592474656924
0.43337677342057823,0.9778853134090364
-0.6107486476105135,0.9724872592812354
0.41031814058369626,-0.2785621800404136
-0.8177805078563884,0.46036150004472015
-0.3234135689009359,-0.01929515746026454
0.40484338616428306,-0.8892279479465988
0.3559920053291288,0.3767321893750401
0.5216040058787749,-0.2597268641833163
-1.1049843951021157,0.5384933099053559
0.6499594013013162,-0.3474340066236756
-0.3346304899404542,0.501786400716497
1.2987535278110847,-0.18349369309539582
-0.23114596995537068,-1.0650346487349074
0.6460778676990103,0.9840072473880606
0.17973067007138266,0.3742796059146988
0.04429377619331004,-0.2593119345380604
-0.09271168550401,1.0194992780793286
0.40009527150622515,-0.3576344310189312
-0.38414829202302536,0.48820141823831864
0.31698003016309834,0.060841788697515116
0.3401330127035667,-0.40378750705272065
-0.5521063237731715,0.8860257514966151
0.04003780459524396,-1.2994537322726856
0.46445747530905057,0.9965156278672962
-0.051915344841876744,0.23231212771470333
1.1093750935439775,-0.11889550655594534
0.7383152625089741,-0.4711165278311257
-0.33977637665517596,0.04060342249010063
0.1854500628334358,0.9369471782381095
0.2893600444381748,-0.8532710659158301
0.9337926517172075,0.1274625179281292
0.4316433720182368,-0.3651134603163267
-0.9225578733837537,0.6538302422797245
-0.4824384887611525,0.6294523550146462
1.1058091939144346,-0.7656248779357414
0.45672840068634346,-0.909310592529726
-0.306702515640408,-0.6516094021165039
0.4960574113367536,-0.8292066428327123
0.3328750212160585,0.28554213440852433
0.8056707325990947,-0.10041566864352228
-0.5203925818774394,0.35736784410721134
0.07589930483430468,-0.6169767881629894
1.0517167311606501,0.6112659323948147
1.1998167980583758,0.4808862021680943
-0.5902798358436055,-1.0418482605951698
0.4712254095262074,0.09213060430177031
-1.2703041332389682,-0.14610822699076037
0.3186655125476488,0.3780166329107837
-1.0671547725452188,0.07536406073753484
-0.3932455452249774,-0.8472124555885763
0.10560668402170316,-1.234458155606226
1.305333208170614,0.08609281582964594
0.7467674245229717,0.8535204750354082
-1.1410414652301317,0.3834912280431985
0.9525444891481248,0.28346016628817894
-0.10278288795863758,-0.33671591227333036
0.776592338385049,-0.22781104125352622
-1.2654244831523365,-0.1590889543409944
-0.9355267518540532,1.0106864238376478
0.005381207563300789,1.14579906350848
-0.6527681997262602,-0.5836231205811468
-1.0551935081132942,-0.08618530691095372
0.04059412384663212,0.4583669359794091
-0.9628646134687121,0.34690171466257563
-0.8581318869808793,-1.0513562643224506
0.050498201886246576,0.7761771201202471
0.9047954637873857,0.17754980037068677
0.6166589396163121,0.23989197510711313
-0.1458928131284229,-0.6135677039309034
0.08366830453335192,0.0715536535104168
0.30000964342412695,-1.0870583773868407
0.13187739423096775,-0.5466018527012528
0.43145117346855466,-0.26346950221998827
0.37152626618035084,-0.8233404244956226
-0.26659328369090607,-0.508960784412907
-0.8393794317820978,0.23010967460607337
0.20973086208676228,1.2774833156027263
0.5090980980793783,-0.8575561757489749
0.662737620411443,-0.608178099039759
0.7441778344148996,-0.7760944566510184
0.49791767341710197,-0.6785306092195302
-0.9241722123967951,-0.409808872966924
1.0716982515243334,0.8642717585977279
0.8464868981237647,0.7407290996325545
0.40285084367599644,-1.0628172904709943
0.4206377563210941,1.0037459509370048
-0.0922137111926382,-0.6354381894091918
0.491198689937498,0.14243912098199585
-0.6163281390827924,0.7945475804794389
-0.34991893875339686,-1.1663041627297648
0.3288225528321201,-0.5207714809600841
0.8037333758936394,1.0474979789002712
0.2800799535147101,0.6660151111115249
-0.30608317320990563,-0.1954920664624296
0.5025356383816707,-0.04925071920549156
0.7238874978428356,-0.1777592415880152
-0.6816386497408384,0.8348299606599789
-0.5124425671304346,0.44594006596542496
0.18477516341593578,-0.005512127790098843
0.6690023905161243,0.027678204292807856
0.40113519871508385,0.7094831408601713
0.6208856337738596,1.2310911560643745
-0.6727631505861909,0.27518023690326127
-0.30753665343978576,1.1661743352011795
-0.3166874567352707,-0.16647420857748702
-1.2319972866986433,0.3073449907854834
-0.5125619423142721,-1.0004054122133648
-0.8506709468873572,-0.14752647205880465
0.45213944607919804,-0.48111344665138
0.4374597960723048,0.6056071565645297
0.7065518889809403,-0.49186799477989535
0.5348303355027557,-1.0393345272374508
0.6776875259518089,-0.25460424185282604
0.8912347079795414,0.32876032359139745
0.6124826981211625,-0.2818704145726654
0.6877328768011544,-0.8370771114394404
-1.2807562000425137,0.04677778396137519
-0.3775724750095252,0.14448130024197942
0.30595862992812645,-0.31676338284375716
0.5223237890044652,0.04303750769126431
-0.04505053064118326,1.3102520951299055
-0.7147978869287669,-0.7467085042161947
-0.19425073445454072,-0.8226741810722787
-0.27511410361089494,-0.8294938581374721
-0.5487386848498038,-0.39289335857638763
-0.3096373587764583,-1.328226678275139
-0.7020585707134004,-0.6640551449568123
0.38682051492925573,0.6516541018442898
0.3950525144596531,-0.2818170941853348
0.5201118341166524,0.8868463468802138
0.5033129131297817,-0.6527128826389401
0.6975938962029048,0.6585839635187656
0.05746628453383497,0.0027553714404876637
-0.40041109056470586,0.019178162922614272
0.6328745168053912,1.0667636190695626
-0.3728425659699259,0.06262066700304066
-0.5273362732840089,-0.4404237727256351
-0.536250409776545,-1.129954014472829
-0.19400807542113235,0.7915088519669294
0.42813468887450784,1.2813488475844097
1.0681169233952252,-0.5532642351497911
0.611507600154138,0.8288539782365199
0.4121671599865296,-1.1123201033261643
-0.07122744187436232,1.0323877747343575
0.7702240144829922,-0.3892576692869587
0.5776169747144858,-0.0991755456086896
0.05255089563090142,-0.7935433443197644
0.40299430826689736,-0.5790143326592444
0.2354875451349927,-0.720566694123546
-0.7533459300382435,0.9034009162224026
-0.9194285993162268,-0.43060176033539044
1.0641233807397679,-0.12162640808382909
-0.8336821965380058,0.5270370554297477
0.42524569330744477,-0.9070830605413531
-0.7097990933569469,-0.5441042613647237
-0.09975340121017527,0.31104981272795856
0.9041739268337696,-0.7717170791057841
0.8495811061399555,-0.3551846459873967
-0.4852825050334419,0.5260076332389821
1.0826967233888813,0.7954140618670753
-0.755906482370118,1.094480373589791
-0.5845325207328095,0.13103184623900005
-0.0975809906940652,0.1901702936381358
-0.9945218195959553,0.13834933630502902
-0.5155426890723677,-0.803357798254393
-0.4373545692326084,0.26087699298263156
0.21717270019972226,0.11902882223639934
-1.059533264996716,-0.7448707162075937
-1.0077523813472877,-0.9412493960552833
-0.19911820124917826,-0.09123773950546886
0.8388129541469732,-0.22351936981173176
0.3989526209253594,-0.27688757260284297
-0.09652298014058296,-0.6730880147744535
0.5762349416987528,0.9956348433344445
-0.7026589424069585,-0.056780908756840526
-0.09036077741576681,1.0690879793673842
-0.9689082025048872,0.4708361391390167
0.185980679233471,0.9488376517182295
-0.48395839677540187,0.23616233549074778
-0.2785682096214018,1.2299727145206623
0.43040650182698326,1.319058099047978
0.6763092168096546,-0.1471537956365639
-1.0535039782976472,-0.7469378204104908
0.40735209361473457,-0.89683302490687
-0.30173008724777,0.5564220474928495
-0.9272872151039335,-0.5438760913359342
-0.05315785846480842,1.1817784868489984
0.2263293888592941,0.9119390337625708
-1.0331223784719645,0.3639773419604221
0.4121631424826463,0.2511388466517158
0.23388092576005143,-0.38681053255625125
0.28832512794112924,0.23071313694545165
-0.14733689155560462,-0.17200179592842704
-0.21974055505388354,-0.4985186515334203
-0.6310786235517057,-1.0856107330441613
0.021552376534202777,-0.41206521277377706
-0.08300758701591726,1.217650985905432
-0.957491494967367,0.7032282311671315
-0.47213351968514444,-0.5911550282898692
-0.19142543237025977,-0.2639483866635687
-0.2849692041039302,1.0241944913174252
0.4662339299285902,-1.1004271121691602
-0.37767816771811386,0.7701973868739411
-0.9101429782602336,-0.26850507391694867
-0.06712756352312507,-0.8036581031081989
0.5669723747111612,-0.34675628134538544
-0.6463287399514004,-0.9407060618587566
-0.7730806359697439,0.1532644943432473
0.8265520733505415,0.9219050068866019
-0.41794160528282714,0.917015178496177
-0.6832233145812501,-0.953829162979383
-0.9588477850318271,-0.6445641959634785
-0.20288836261541113,0.8788509515973993
0.5906922501399453,-0.032586495381018425
0.6872707330468638,0.8686485670764921
0.2497334517509053,-0.7609467801267961
1.2735573943920768,0.013141955777740173
-0.7062855565523727,0.18249047237414623
-0.2670852297327128,0.7559045824225549
-0.5329759430884453,-0.3506228745578356
0.10339826197397081,0.2103283294196956
0.825914158351765,0.9367049096110596
-0.6153406148683871,-0.24668311768130496
0.8133775041293029,0.029627566841742253
-0.8152898286258361,-0.2929740483278647
0.2976546017820704,-1.2044756953302524
-0.9225023883814014,-0.669424644219563
0.03424476846053003,-1.282811158274827
-0.5255492538829094,-0.6793598311200795
-0.6325853633126048,-0.061942403153298735
-0.5388277526992885,-0.3371452020898058
0.15449287167272532,-0.8049327249326614
-1.1425633986080672,0.6673321319459706
-0.26851814682798625,-0.5443283488335321
-0.016385615174531878,0.6474442384951763
0.6171890334227182,0.7683619655152479
-0.5263175105717369,0.36911798417690445
-0.044466926062988216,0.9892513256433891
0.6213037027061924,-0.21400481585017528
0.006927872094547213,-1.0371870895249957
0.8306976888367915,-0.9018795296450379
-0.8059216620468397,-0.4458967072613247
0.508785233327047,0.6831225144667664
0.7628119489881753,-0.8299256832932975
-0.3081842879885968,0.461518474726466
-0.16025077671170446,0.539052450189975
-0.4935283546954875,0.14457785293027534
-1.123360446369858,-0.19058741317196964
-0.5986336213185718,-0.9314458886452175
-0.5570453854049777,-0.6418136208972715
0.5451410787721856,-0.6294084681973109
0.5576701767896826,0.34194981682362374
0.8350261815223958,-0.31323587542436704
0.6451484933345955,0.5754999323482787
0.11762726832301527,0.5404457320452797
0.16946549395749685,-1.1319160500870011
-0.864578963271695,0.6562257511899756
0.33261839925095676,0.6074020646642834
0.576002604058374,-1.2221221893866312
0.5636907065989716,-0.791218866344421
0.9878636799325181,-0.219195744350446
-1.3970509655843424,0.041143398630531555
-0.5373583307997817,-0.05616034243352998
-0.2863357962898256,-0.5141623710759491
-0.6849862992255205,-1.0944967226538742
1.0597950923226143,0.26720394123227864
0.9711147859467574,0.22267225604360008
0.1826653021118833,0.8611605545752062
0.47122997599311145,0.38480421861417013
-0.8457553736820834,0.3029423451546002
-0.45696835573387423,-1.213753137482535
0.001617501361021085,-0.1500318709236214
0.3785042533134402,-1.1987176512205169
-0.6037908200271583,-0.15949020259508714
-0.2727827595724867,0.6596967343327371
0.3851000297527904,0.2111802512674424
0.6393422341271986,-0.38247773592197776
0.11532666696913008,-1.1079559065506688
0.017430633315524795,0.9349512057143393
0.2472579604096165,0.3649371401671663
0.48675607559287043,-0.25662018948770693
0.6592119999367919,0.6680490166214667
-0.44642689522847295,-1.1967322478713764
0.8868744054164492,-0.6764164144955285
-0.05492416238151669,0.6570632315659451
-0.09770281904086711,0.3511461833275495
-1.0088182784979252,-0.19499539422847117
0.8964346482896861,0.21709817604902112
-1.3357736476935504,-0.21291711052362408
1.078276714152396,0.5003617931765164
-0.6568954638310527,0.36826345609934064
0.48151226409760806,-0.23117184957831466
1.0534740588281761,0.03719283960030561
0.416116897073799,0.6131840542505653
0.36778636462712133,-0.7960854101117744
-0.7063561731087743,0.31980754784678445
0.32596648862518485,-1.1041780933380059
-0.48662135951148167,-0.9183807991769191
-0.21497778985764873,-0.28647981071089745
-1.3930541686470257,-0.008669017375467488
0.3126238521538,-0.9408888838053052
0.10596986756080341,1.1404526073281072
-1.0319109431032563,-0.6333153102071748
-0.48380366608844644,-0.724824832855387
-0.9773102941381061,-0.5181722971287646
0.6859339812163666,-0.050073245276473964
0.4595369699554787,1.2747127761554808
0.7603822713159167,-0.3898232959238337
0.4020212814620051,0.6901265822014603
1.357223359453328,0.26180794607147123
-0.7013330857186546,-0.04715116194957049
-0.427401411009474,0.893108637947309
0.7896806705976256,-0.3274403182010575
-0.6583854191738054,-1.0847788476802152
-0.27750427719748444,1.0584304897985888
-0.3565730232890005,1.0323846416763032
-0.2248505725069453,0.17240461171677846
-0.4338989007401487,0.5683200878715441
-0.25026294734883336,-1.2166296930234706
-0.8183960374596316,0.4231540691604489
-0.49439866863855053,0.9550499295511852
0.09700068185438324,0.9358045312270187
-0.6128278006819853,-0.8004249094080114
0.36223963337305515,-0.5412646464429133
0.8299809583393534,-0.30953566921036524
0.1197125389597048,-0.5545348439054436
0.5153940324195294,-0.6505297022854662
-0.005393519289683659,-0.052595703187878144
0.46564227710406947,-0.27493429118057733
-0.541391808467198,0.6340817581026843
-0.6647012484811442,-1.0875601321441772
-0.21226257166690635,-1.0944487761320312
0.5029419093078064,0.9950352051812327
-0.15779083822325704,0.36758460989475517
0.7715200295289961,-0.24750825802372955
-0.47798252319307977,0.27420378364761533
-0.5427806348842522,-0.6710629760153649
-0.1813749610557788,-0.5720058882080742
-0.31936841401450416,-0.11478833054448055
-0.15732032584992664,0.2885778406245528
-0.07735940708818079,0.6201018534612375
1.0107105770380815,-0.4083106997926512
-0.3373707694117959,-0.9541115732480105
1.129516865901775,-0.12877623767774124
0.38901790079072146,-0.5962551467201012
0.842053667437128,0.581413999018657
-0.9353361522950169,-0.6146923777701729
0.282508856421648,-0.1693668108537355
0.3324599089437263,0.3817717247762854
0.1664863824826695,0.7896178930681037
-0.02661626243925515,0.06899424593719418
0.2260070588298738,0.5133147730904678
-0.18379693901065827,-0.12734688131344332
0.601107575331817,0.5100296744257934
0.12915370733937,0.24980617022265283
-0.35210096615631953,0.25484722710603525
-0.7083757853555882,0.7490394970768016
-0.8701647956818953,-0.40571902382264396
0.5011365666058282,0.4929354034295836
0.2631513527358132,0.48059753768002755
-0.9807952002244708,-0.7213240397186614
1.1153835911013872,0.4023079573788616
1.1224401848484735,-0.05626744994581652
0.313118548383101,0.8737749972499944
0.8886788429767086,0.8966929068820619
1.0731978888170681,-0.09573101269213624
0.6924375790379379,-0.8756661750407213
-0.4686162974495346,-0.7682547327489674
1.0078278152922597,-0.4524590937973985
0.5070136305965771,0.1165549872177514
0.576275604860654,-0.1966869296646153
0.8363533511900388,0.11516180678523774
0.7069866603264711,-0.6233367965387526
-0.5051511006664293,0.5109437609905803
-0.6936648854333861,0.46883811671629533
-0.40619272004825785,0.40448803436876446
-0.4267197391484354,0.17054395994158061
0.3892485234612681,-0.9668993755755243
0.17208976593528008,-0.3590911380740036
-0.027256728910575758,1.1275929255572867
0.06746819444743113,-0.5731174412242694
-0.7137980165099512,0.2084982512357205
-0.0054656403521726816,-1.2202738902164845
-0.5637541122727686,0.19362648598107784
0.19988974791580266,0.8452830651962401
0.06718428661367538,0.5917139979423035
0.48469220872800317,1.0424487560830746
0.7417433643381977,-1.103945636524799
-0.2065509881342553,1.0937738509843826
-0.523187126530988,-0.02622538091979087
0.049294763318321305,-0.32067359560513037
-1.0913253659953819,-0.6118927130013158
0.5927997516899169,0.24641915817625992
0.37750412831748914,0.9106276509405762
-0.6044437789822836,0.1382059063932226
0.336896706759965,0.11494172124344988
0.11268960499736715,0.4248174757093194
1.0365517699568838,-0.4303025604475284
-0.3185812033412471,-0.4687844046817263
-0.6876134961653035,1.078908079257333
0.4275100210412501,-0.5797027527804535
0.552580390846955,0.25788753664470665
0.5039702337313268,-0.7670877947071774
-0.03484770948459582,-0.49903666023389287
-0.4073859732241865,0.2283398930779769
-0.2500710091235126,-0.5225208871525577
0.3220402126992594,-1.2110846655157264
0.03921016925927411,-0.3119785783856768
0.1977171200217308,-0.1064865169559657
0.575539933037599,0.8276369947828686
-0.1668965751123702,-0.2528983771755083
0.3378640763741244,-0.44056711222897704
-0.46858205844702333,-0.5783124692257372
0.07997872762037507,-0.42990342367546863
0.04695416138430708,-0.9621107822732172
-0.2820593173276242,0.9973590944265446
0.27050746712614315,0.7708458973094692
0.18771004967933577,1.3723046180670326
-0.6136696907974745,1.0215520872717196
0.4917432084118577,0.9959005351717694
0.11819098910023634,0.3423274226463403
-0.15433601072607234,0.6109697598472204
0.4972227841702413,-0.4756786232728179
0.547066770313657,0.3988915520914295
-0.5719409333231968,1.002577331070534
-1.1044370492076685,-0.3673252174825614
-1.2329393167205198,0.33306902831670077
-0.0442835610425175,0.5854958410059345
-0.15806361759782445,0.32475671023603314
